date,net_score,gain_offset,gain_soc,cost_transport,cost_leach,cost_overflow,tons_delivered,n_delivered,n_demand_system,round_trip_km,monsoon_tons,total_storage_tons
2025-01-01,0.0,0.0,0.0,0.0,0.0,0.0,0,0,0.0346658931162535,0.0,0,75
2025-01-02,0.0,0.0,0.0,0.0,0.0,0.0,0,0,0.0819235292809961,0.0,0,150
2025-01-03,0.0,0.0,0.0,0.0,0.0,0.0,0,0,0.1356408644185197,0.0,0,225
2025-01-04,0.0,0.0,0.0,0.0,0.0,0.0,0,0,0.1984856760747691,0.0,0,300
2025-01-05,0.0,0.0,0.0,0.0,0.0,0.0,0,0,0.268151149607254,0.0,0,375
2025-01-06,0.0,0.0,0.0,0.0,0.0,0.0,0,0,0.3440728576325815,0.0,0,450
2025-01-07,0.0,0.0,0.0,0.0,0.0,0.0,0,0,0.4332836420327197,0.0,0,525
2025-01-08,0.0,0.0,0.0,0.0,0.0,0.0,0,0,0.5334496491211361,0.0,0,600
2025-01-09,0.0,0.0,0.0,0.0,0.0,0.0,0,0,0.6466817613749831,0.0,0,675
2025-01-10,0.0,0.0,0.0,0.0,0.0,0.0,0,0,0.7773131351419263,0.0,0,750
2025-01-11,0.0,0.0,0.0,0.0,0.0,0.0,0,0,0.923497027889685,0.0,0,825
2025-01-12,0.0,0.0,0.0,0.0,0.0,0.0,0,0,1.0926214858360912,0.0,0,900
2025-01-13,0.0,0.0,0.0,0.0,0.0,0.0,0,0,1.2781091173780676,0.0,0,975
2025-01-14,0.0,0.0,0.0,0.0,0.0,0.0,0,0,1.4917409145541984,0.0,0,1050
2025-01-15,0.0,0.0,0.0,0.0,0.0,0.0,0,0,1.7367609129906754,0.0,0,1125
2025-01-16,0.0,0.0,0.0,0.0,0.0,0.0,0,0,2.0113176302728,0.0,0,1200
2025-01-17,-532.010902624334,0.0,2000.0,32.0109026243338,2500.0,0.0,10,250,2.3207512013735476,71.13533916518622,0,1265
2025-01-18,-1608.2903382992718,0.03634183903207,6000.0,108.40663218417495,7499.92004795413,0.0,30,750,2.6694149902053543,240.90362707594437,0,1310
2025-01-19,-1608.282555070893,0.0387740979006735,6000.0,108.40663218417495,7499.914696984619,0.0,30,750,3.0621979720715498,240.90362707594437,0,1355
2025-01-20,-1559.5236123594123,0.0,6000.0,59.523612359412695,7500.0,0.0,30,750,3.5031655273520075,132.27469413202823,0,1400
2025-01-21,-4153.809454230326,0.4326496907232605,16000.0,155.1939332406398,19999.04817068041,0.0,80,2000,3.999350556953971,344.8754072014218,0,1395
2025-01-22,-3643.5793663946733,0.4945843879093905,14000.0,145.162036435981,17498.9119143466,0.0,70,1750,4.548636491434197,322.58230319106895,0,1400
2025-01-23,-4153.277728169283,0.5988140847983585,16000.0,155.1939332406398,19998.682609013442,0.0,80,2000,5.167268022154526,344.8754072014218,0,1395
2025-01-24,-3642.9848205217986,0.6803799731814755,14000.0,145.162036435981,17498.503164059,0.0,70,1750,5.859394219550225,322.58230319106895,0,1400
2025-01-25,-4152.723340609344,0.7720601972800986,16000.0,155.1939332406398,19998.301467565983,0.0,80,2000,6.625279837987216,344.8754072014218,0,1395
2025-01-26,-3642.362764150952,0.8747725890719426,14000.0,145.162036435981,17498.075500304043,0.0,70,1750,7.465460434146485,322.58230319106895,0,1400
2025-01-27,-4152.027681286345,0.9894537357183675,16000.0,155.1939332406398,19997.823201781423,0.0,80,2000,8.396217995782806,344.8754072014218,0,1395
2025-01-28,-3641.587484393449,1.11704751329124,14000.0,145.162036435981,17497.54249547076,0.0,70,1750,9.414334606813155,322.58230319106895,0,1400
2025-01-29,-4151.140655398107,1.614881331795546,16000.0,156.30827565985302,19996.44726107005,0.0,80,2000,10.531294843087158,347.3517236885623,0,1395
2025-01-30,-3640.400124028354,1.8363296333874208,14000.0,146.27637885519422,17495.96007480655,0.0,70,1750,11.754666641243597,325.0586196782094,0,1400
2025-01-31,-4149.525938426437,2.119480385442846,16000.0,156.30827565985302,19995.337143152028,0.0,80,2000,13.077584577282801,347.3517236885623,0,1395
2025-02-01,-3638.7396306109877,2.3552338263138983,14000.0,146.27637885519422,17494.81848558211,0.0,70,1750,14.529127714643124,325.0586196782094,0,1400
2025-02-02,-4147.672282688462,2.698747803559704,16000.0,156.30827565985302,19994.062754832168,0.0,80,2000,16.097420958810858,347.3517236885623,0,1395
2025-02-03,-3636.7198902799955,2.986402679749707,14000.0,146.27637885519422,17493.429914104552,0.0,70,1750,17.803156128898323,325.0586196782094,0,1400
2025-02-04,-4145.437226845399,3.3972027545168784,16000.0,156.30827565985302,19992.526153940064,0.0,80,2000,19.642400881573472,347.3517236885623,0,1395
2025-02-05,-3633.427119486705,8.2179717013076,14000.0,159.72462893089465,17481.92046225712,0.0,70,1750,21.621549195135977,354.94361984643257,0,1400
2025-02-06,-4140.733342180898,9.069744860829118,16000.0,169.75652573555345,19980.046561306175,0.0,80,2000,23.74651041264799,377.23672385678543,0,1395
2025-02-07,-3628.195696901703,9.852791259122053,14000.0,159.72462893089465,17478.32385922993,0.0,70,1750,26.006743738715798,354.94361984643257,0,1400
2025-02-08,-4132.880716570677,17.140546183922552,16000.0,187.7304643592303,19962.29079839537,0.0,80,2000,28.420077570388205,417.17880968717844,0,1395
2025-02-09,-3620.30180574304,18.465719410354474,14000.0,179.3921078561779,17459.37541729722,0.0,70,1750,30.980886224167776,398.64912856928413,0,1400
2025-02-10,-4163.299410963555,12.801652453071268,16000.0,204.264698813381,19971.836364603245,0.0,80,2000,33.66431242280221,453.9215529186244,0,1395
2025-02-11,-3656.077760647455,13.04625009752976,14000.0,197.8257609595519,17471.298249785432,0.0,70,1750,36.519073468736,439.6128021323375,0,1400
2025-02-12,-4175.363788915911,14.24760621771653,16000.0,220.95612881260294,19968.655266321024,0.0,80,2000,39.52494320741564,491.01361958356205,0,1395
2025-02-13,-3649.222411430812,15.188546727731207,14000.0,197.8257609595519,17466.58519719899,0.0,70,1750,42.67450382734604,439.6128021323375,0,1400
2025-02-14,-4168.295177088516,16.456547413777134,16000.0,220.95612881260294,19963.79559568969,0.0,80,2000,45.9688746653347,491.01361958356205,0,1395
2025-02-15,-3590.9321352355328,34.607687805176205,14000.0,201.67673621209445,17423.863086828613,0.0,70,1750,49.36424788111531,448.17052491576544,0,1400
2025-02-16,-4093.557246728982,36.393076870677575,16000.0,210.01509271514686,19919.935230884512,0.0,80,2000,52.885992128127945,466.70020603365975,0,1395
2025-02-17,-3579.622113083238,38.1420697277678,14000.0,201.67673621209445,17416.08744659891,0.0,70,1750,56.526894107204505,448.17052491576544,0,1400
2025-02-18,-4081.255843185667,42.69558482112521,16000.0,217.88171461326777,19906.069713393525,0.0,80,2000,60.27871753206807,484.181588029484,0,1395
2025-02-19,-3568.951200483063,41.47672991532312,14000.0,201.67673621209445,17408.75119418629,0.0,70,1750,64.13225736224865,448.17052491576544,0,1400
2025-02-20,-4069.1120838592033,46.49050961064483,16000.0,217.88171461326777,19897.72087885658,0.0,80,2000,68.0774082533934,484.181588029484,0,1395
2025-02-21,-3559.2646951794923,44.50376282268927,14000.0,201.67673621209445,17402.091721790086,0.0,70,1750,72.10324627571777,448.17052491576544,0,1400
2025-02-22,-4057.9115120872375,49.99068828938489,16000.0,217.88171461326777,19890.020485763354,0.0,80,2000,76.19812265616507,484.181588029484,0,1395
2025-02-23,-3550.7298032549625,55.624208629775346,14000.0,228.7272708702429,17377.626741014494,0.0,70,1750,80.349768033135,508.28282415609533,0,1400
2025-02-24,-4046.7749633839703,61.924151839825825,16000.0,244.93224927141623,19863.76686595238,0.0,80,2000,84.54540548272526,544.2938872698139,0,1395
2025-02-25,-3541.9187678957896,58.37765717951691,14000.0,228.7272708702429,17371.569154205063,0.0,70,1750,88.77187038950031,508.28282415609533,0,1400
2025-02-26,-4036.5598700306036,65.11636851275405,16000.0,244.93224927141623,19856.74398927194,0.0,80,2000,93.0157350986586,544.2938872698139,0,1395
2025-02-27,-3535.2796002288887,60.452397075424194,14000.0,228.7272708702429,17367.00472643407,0.0,70,1750,97.26343620427447,508.28282415609533,0,1400
2025-02-28,-4028.2496462155414,72.09022765225875,16000.0,258.93837470276924,19841.401499165033,0.0,80,2000,101.50140230240424,575.4186104505984,0,1395
2025-03-01,-3546.9733297752064,55.80506527007617,14000.0,225.54953863945033,17377.228856405833,0.0,70,1750,105.71618006871378,501.22119697655626,0,1400
2025-03-02,-4036.340152424271,70.6476746490674,16000.0,262.4127113012868,19844.57511577205,0.0,80,2000,109.89455660642615,583.1393584473041,0,1395
2025-03-03,-3536.2475390715754,61.92479275043026,14000.0,234.40687587295116,17363.765455949055,0.0,70,1750,114.02367614843126,520.9041686065582,0,1400
2025-03-04,-4027.273261987377,73.64992230805605,16000.0,262.9530133731575,19837.970170922275,0.0,80,2000,118.09114938222486,584.3400297181279,0,1395
2025-03-05,-3526.9366357448635,64.8344500400264,14000.0,234.40687587295116,17357.36420991194,0.0,70,1750,122.08515389126624,520.9041686065582,0,1400
2025-03-06,-4017.7817789648725,76.6160107525901,16000.0,262.9530133731575,19831.444776344306,0.0,80,2000,125.99452446337456,584.3400297181279,0,1395
2025-03-07,-3511.9349216239534,65.88487626842846,14000.0,222.76652568292315,17355.053272209458,0.0,70,1750,129.80883229694936,495.0367237398292,0,1400
2025-03-08,-4036.6743727202957,70.32042580018575,16000.0,261.69973528089207,19845.29506323959,0.0,80,2000,133.51845242947215,581.5549672908713,0,1395
2025-03-09,-3542.759541932237,59.49814245263971,14000.0,233.15359778068571,17369.10408660419,0.0,70,1750,137.11461901003418,518.1191061793016,0,1400
2025-03-10,-4001.5769471392414,78.04241126371515,16000.0,251.31266318312947,19828.306695219828,0.0,80,2000,140.58946832874548,558.4725848513989,0,1395
2025-03-11,-3506.662743385623,62.80782367394555,14000.0,207.64777914224814,17361.82278791732,0.0,70,1750,143.93606979150198,461.43950920499583,0,1400
2025-03-12,-3999.3589283057336,74.0109338552242,16000.0,236.19391664245447,19837.175945518506,0.0,80,2000,147.14844528023735,524.8753703165655,0,1395
2025-03-13,-3504.68934125546,63.4245118396207,14000.0,207.64777914224814,17360.466073952834,0.0,70,1750,150.2215775591157,461.43950920499583,0,1400
2025-03-14,-3999.243723673202,74.04693530289103,16000.0,236.19391664245447,19837.09674233364,0.0,80,2000,153.15140857018676,524.8753703165655,0,1395
2025-03-15,-3504.9302242391022,63.349235907233535,14000.0,207.64777914224814,17360.631681004088,0.0,70,1750,155.9348286034838,461.43950920499583,0,1400
2025-03-16,-3999.539009107417,72.4361867039929,16000.0,231.3348065601941,19840.640389251217,0.0,80,2000,158.56965742379134,514.0773479115425,0,1395
2025-03-17,-3507.3703071437467,62.58670999953154,14000.0,207.64777914224814,17362.30923800103,0.0,70,1750,161.05461848854588,461.43950920499583,0,1400
2025-03-18,-4001.231729970941,71.90721143414125,16000.0,231.3348065601941,19841.80413484489,0.0,80,2000,163.3893073995409,514.0773479115425,0,1395
2025-03-19,-3511.0051271489956,56.63514610160348,14000.0,192.2375946741277,17375.402678576473,0.0,70,1750,165.5741556979836,427.1946548313949,0,1400
2025-03-20,-4003.117170608464,66.50232858862795,16000.0,215.92462209207366,19853.69487710502,0.0,80,2000,167.61039104223715,479.83249353794156,0,1395
2025-03-21,-3514.9079710562382,55.415507380590526,14000.0,192.2375946741277,17378.085883762702,0.0,70,1750,169.499994705871,427.1946548313949,0,1400
2025-03-22,-4006.989187718078,65.292323241872,16000.0,215.92462209207366,19856.35688886788,0.0,80,2000,171.2456572070783,479.83249353794156,0,1395
2025-03-23,-3520.6812179266362,53.611367733590974,14000.0,192.2375946741277,17382.0549909861,0.0,70,1750,172.85073273654618,427.1946548313949,0,1400
2025-03-24,-4013.1035321936997,63.38159059324151,16000.0,215.92462209207366,19860.560500694868,0.0,80,2000,174.31919289732346,479.83249353794156,0,1395
2025-03-25,-3528.0840576335067,51.29798032519456,14000.0,192.2375946741277,17387.144443284575,0.0,70,1750,175.65558011508477,427.1946548313949,0,1400
2025-03-26,-4021.21484654664,60.846804857947696,16000.0,215.92462209207366,19866.137029312515,0.0,80,2000,176.864960928125,479.83249353794156,0,1395
2025-03-27,-3536.8265519465695,48.565950852362015,14000.0,192.2375946741277,17393.154908124805,0.0,70,1750,177.95287923054602,427.1946548313949,0,1400
2025-03-28,-4063.909759677732,42.91041695199299,16000.0,201.2230939241078,19905.597082705615,0.0,80,2000,178.92530942565918,447.16243094246187,0,1395
2025-03-29,-3577.5924030277365,31.232394837008258,14000.0,177.53606650616183,17431.28873135858,0.0,70,1750,179.78860935471167,394.5245922359153,0,1400
2025-03-30,-4042.151773156036,54.304015292511046,16000.0,215.92462209207366,19880.531166356475,0.0,80,2000,180.54947280243857,479.8324935379415,0,1395
2025-03-31,-3556.124624956421,41.45992410007558,14000.0,188.79638207666292,17408.788166979833,0.0,70,1750,181.21488134792972,419.54751572591766,0,1400
2025-04-01,-4069.1742952615004,52.22325113838998,16000.0,236.2886989043493,19885.10884749554,0.0,80,2000,181.79205532765272,525.0859975652207,0,1395
2025-04-02,-3576.195958105938,42.04208039047862,14000.0,210.73061535547168,17407.507423140945,0.0,70,1750,182.2884037064006,468.29025634549265,0,1400
2025-04-03,-4074.428718648731,50.581243829881046,16000.0,236.2886989043493,19888.72126357426,0.0,80,2000,182.7114727091747,525.0859975652207,0,1395
2025-04-04,-3590.558657877238,51.954277294090645,14000.0,256.8123452183279,17385.700589953,0.0,70,1750,183.0688931489763,570.6941004851731,0,1400
2025-04-05,-4073.258940108839,44.81768550341298,16000.0,216.67553371975958,19901.40109189249,0.0,80,2000,183.36832648739295,481.5011860439102,0,1395
2025-04-06,-3628.158916541104,41.00940238235687,14000.0,259.3890041646488,17409.779314758813,0.0,70,1750,183.6174097810779,576.4200092547751,0,1400
2025-04-07,-4149.337838064859,42.137681362898064,16000.0,284.17841842612944,19907.297101001626,0.0,80,2000,183.82369979141367,631.50759650251,0,1395
2025-04-08,-3631.6993903817,39.90300430717145,14000.0,259.3890041646488,17412.213390524223,0.0,70,1750,183.9946166601919,576.4200092547751,0,1400
2025-04-09,-4150.759092894239,45.35675154445006,16000.0,295.90069783648016,19900.215146602208,0.0,80,2000,184.1373876743676,657.5571063032893,0,1395
2025-04-10,-3635.7049716904694,38.651260148180455,14000.0,259.3890041646488,17414.967227674002,0.0,70,1750,184.25899175146822,576.4200092547751,0,1400
2025-04-11,-4090.971068979421,37.353557232444494,16000.0,210.50245212324506,19917.822174088622,0.0,80,2000,184.36610536826134,467.7832269405446,0,1395
2025-04-12,-3588.5665899687483,30.702760855171732,14000.0,186.8154247052991,17432.453926118622,0.0,70,1750,184.4650507238061,415.145388233998,0,1400
2025-04-13,-4081.2275254654323,30.115318334652716,16000.0,177.59654413631864,19933.746299663766,0.0,80,2000,184.56174697010545,394.658986969597,0,1395
2025-04-14,-3589.5314926905776,27.191691928066923,14000.0,176.54490686039125,17440.178277758252,0.0,70,1750,184.6616653564847,392.3220152453139,0,1400
2025-04-15,-4097.379088138656,32.14151441864999,16000.0,200.2319342783372,19929.28866827897,0.0,80,2000,184.76978911611096,444.95985395186045,0,1395
2025-04-16,-3574.735463789577,35.72301225762513,14000.0,189.04910301397877,17421.409373033224,0.0,70,1750,184.89057887463827,420.10911780884175,0,1400
2025-04-17,-4075.936058893516,38.48279403910084,16000.0,199.08099981863757,19915.33785311398,0.0,80,2000,185.0279442830461,442.4022218191946,0,1395
2025-04-18,-3572.4065477338027,36.45079852505417,14000.0,189.04910301397877,17419.80824324488,0.0,70,1750,185.18522247179652,420.10911780884175,0,1400
2025-04-19,-4078.4974413437667,30.96846962267254,16000.0,177.59654413631864,19931.86936683012,0.0,80,2000,185.36516379505332,394.658986969597,0,1395
2025-04-20,-3576.7130283637507,28.39113092747231,14000.0,167.56464733165984,17437.539511959563,0.0,70,1750,185.56992518638293,372.3658829592441,0,1400
2025-04-21,-4078.11718994279,31.087298185476435,16000.0,177.59654413631864,19931.60794399195,0.0,80,2000,185.80107128631536,394.658986969597,0,1395
2025-04-22,-3577.046868601812,28.286805853077635,14000.0,167.56464733165984,17437.76902712323,0.0,70,1750,186.05271705757178,372.3658829592441,0,1400
2025-04-23,-4137.546992787038,26.778186046847654,16000.0,223.23718813695118,19941.087990696935,0.0,80,2000,186.3265636257176,496.082640304336,0,1395
2025-04-24,-3601.9890903842224,30.12054193348561,14000.0,198.37482457138017,17433.73480774633,0.0,70,1750,186.63041063269065,440.8329434919559,0,1400
2025-04-25,-4095.873260778879,35.97724474466532,16000.0,211.00044396181033,19920.850061561734,0.0,80,2000,186.95633673783308,468.8898754706896,0,1395
2025-04-26,-3602.4150868385423,29.987418041511663,14000.0,198.37482457138017,17434.027680308674,0.0,70,1750,187.32476269335416,440.8329434919559,0,1400
2025-04-27,-4095.433930657,36.11453540775316,16000.0,211.00044396181033,19920.548022102943,0.0,80,2000,187.72418177388573,468.8898754706896,0,1395
2025-04-28,-3576.564687449296,26.618961869753548,14000.0,161.74536543250804,17441.438283886542,0.0,70,1750,188.13078686010715,359.4341454055735,0,1400
2025-04-29,-75000.0,0.0,0.0,0.0,0.0,75000.0,0,0,188.5657157797796,0.0,0,1400
2025-04-30,-75000.0,0.0,0.0,0.0,0.0,75000.0,0,0,189.0180096891781,0.0,0,1400
2025-05-01,-75000.0,0.0,0.0,0.0,0.0,75000.0,0,0,189.47802849598938,0.0,0,1400
2025-05-02,-75000.0,0.0,0.0,0.0,0.0,75000.0,0,0,189.95097132340965,0.0,0,1400
2025-05-03,-75000.0,0.0,0.0,0.0,0.0,75000.0,0,0,190.4335328304653,0.0,0,1400
2025-05-04,-75000.0,0.0,0.0,0.0,0.0,75000.0,0,0,190.93610104394844,0.0,0,1400
2025-05-05,-75000.0,0.0,0.0,0.0,0.0,75000.0,0,0,191.4252982293053,0.0,0,1400
2025-05-06,-75000.0,0.0,0.0,0.0,0.0,75000.0,0,0,191.9145883735983,0.0,0,1400
2025-05-07,-39174.06876235208,215.55917350749442,136000.0,5863.858117576058,169525.76981828353,0.0,680,17000,192.41327850386642,13030.795816835682,0,795
2025-05-08,-3706.8263803456375,36.952736847377324,14000.0,325.075138257244,17418.70397893577,0.0,70,1750,192.90510137919352,722.3891961272087,0,800
2025-05-09,-4071.872031541805,35.65016643504494,16000.0,185.95256413394952,19921.5696338429,0.0,80,2000,193.39164124027252,413.22792029766555,0,795
2025-05-10,-3638.604865708856,27.65085958456836,14000.0,227.08761637947683,17439.168108913946,0.0,70,1750,193.86043291860312,504.63914750994854,0,800
2025-05-11,-4101.702959515833,26.953998064653447,16000.0,187.9557533227233,19940.701204257763,0.0,80,2000,194.3076613150066,417.67945182827395,0,795
2025-05-12,-3637.393882440296,28.02929185599518,14000.0,227.08761637947683,17438.335557916813,0.0,70,1750,194.7394241241752,504.63914750994854,0,800
2025-05-13,-4153.943827916886,34.26733816700742,16000.0,263.59931005130824,19924.611856032585,0.0,80,2000,195.1605312145733,585.7762445584627,0,795
2025-05-14,-3616.7606375440882,29.285245246611137,14000.0,210.47342233324264,17435.572460457457,0.0,70,1750,195.5625960858567,467.7187162960948,0,800
2025-05-15,0.0,0.0,0.0,0.0,0.0,0.0,0,0,195.9363603218144,0.0,0,875
2025-05-16,-7871.906628189459,61.209887763722755,30000.0,567.7782690333788,37365.338246919804,0.0,150,3750,196.3154991678577,1261.7294867408416,0,800
2025-05-17,0.0,0.0,0.0,0.0,0.0,0.0,0,0,196.65764137539398,0.0,0,875
2025-05-18,0.0,0.0,0.0,0.0,0.0,0.0,0,0,196.97620585336523,0.0,0,950
2025-05-19,0.0,0.0,0.0,0.0,0.0,0.0,0,0,197.27681972009538,0.0,0,1025
2025-05-20,-16540.642228163124,134.6911730684402,60000.0,1971.6539819821394,74703.67941924943,0.0,300,7500,197.54892086229884,4381.453293293644,0,800
2025-05-21,-4207.072930439112,49.624532681917664,16000.0,365.8714350212472,19890.826028099782,0.0,80,2000,197.79789270693507,813.0476333805492,0,795
2025-05-22,-3603.8062206901304,33.33350051347221,14000.0,210.47342233324264,17426.66629887036,0.0,70,1750,198.0395409514369,467.7187162960948,0,800
2025-05-23,-4035.097442831384,44.453158494818524,16000.0,177.34755001480195,19902.2030513114,0.0,80,2000,198.25028010061195,394.10566669955995,0,795
2025-05-24,-3534.973738816141,36.75221519472255,14000.0,152.58082743925019,17419.145126571613,0.0,70,1750,198.43555932758534,339.068505420556,0,800
2025-05-25,-4146.247924762743,36.824648181561145,16000.0,264.0867989437392,19918.985774000565,0.0,80,2000,198.60984584132243,586.8595532083094,0,795
2025-05-26,-3621.67434164694,33.705277195364616,14000.0,229.5312286721045,17425.8483901702,0.0,70,1750,198.75813498663703,510.0693970491211,0,800
2025-05-27,-4142.906363440403,40.88858169887437,16000.0,273.7498248768014,19910.045120262475,0.0,80,2000,198.8860242469552,608.33294417067,0,795
2025-05-28,0.0,0.0,0.0,0.0,0.0,0.0,0,0,198.99968761259,0.0,0,870
2025-05-29,0.0,0.0,0.0,0.0,0.0,0.0,0,0,199.11447280866022,0.0,0,945
2025-05-30,0.0,0.0,0.0,0.0,0.0,0.0,0,0,199.2128562889004,0.0,0,1020
2025-05-31,0.0,0.0,0.0,0.0,0.0,0.0,0,0,199.30567459105188,0.0,0,1095
2025-06-01,0.0,0.0,0.0,0.0,0.0,0.0,0,0,199.39640950033788,0.0,0,1170
2025-06-02,0.0,0.0,0.0,0.0,0.0,0.0,0,0,199.47280251147956,0.0,0,1245
2025-06-03,0.0,0.0,0.0,0.0,0.0,0.0,0,0,199.54158222481897,0.0,0,1320
2025-06-04,0.0,0.0,0.0,0.0,0.0,0.0,0,0,199.59741663676138,0.0,0,1395
2025-06-05,-70000.0,0.0,0.0,0.0,0.0,70000.0,0,0,199.6429622196853,0.0,0,1400
2025-06-06,-75000.0,0.0,0.0,0.0,0.0,75000.0,0,0,199.70678179238487,0.0,0,1400
2025-06-07,-75000.0,0.0,0.0,0.0,0.0,75000.0,0,0,199.76244914697313,0.0,0,1400
2025-06-08,-75000.0,0.0,0.0,0.0,0.0,75000.0,0,0,199.82429779305863,0.0,0,1400
2025-06-09,-75000.0,0.0,0.0,0.0,0.0,75000.0,0,0,199.89480034981844,0.0,0,1400
2025-06-10,-62967.7500476586,223.03474872847113,210000.0,11181.461243589736,262009.32355279734,0.0,1050,26250,199.95698111936272,24847.691652421618,1050,425
2025-06-11,0.0,0.0,0.0,0.0,0.0,0.0,0,0,200.01981166346985,0.0,0,500
2025-06-12,-7821.360239007732,94.2474288296686,30000.0,622.9520112626703,37292.65565657473,0.0,150,3750,200.08330460867566,1384.3378028059337,150,425
2025-06-13,0.0,0.0,0.0,0.0,0.0,0.0,0,0,200.1414698652175,0.0,0,500
2025-06-14,0.0,0.0,0.0,0.0,0.0,0.0,0,0,200.1987101277555,0.0,0,575
2025-06-15,0.0,0.0,0.0,0.0,0.0,0.0,0,0,200.25407145491084,0.0,0,650
2025-06-16,0.0,0.0,0.0,0.0,0.0,0.0,0,0,200.30628982583826,0.0,0,725
2025-06-17,0.0,0.0,0.0,0.0,0.0,0.0,0,0,200.35379179526637,0.0,0,800
2025-06-18,0.0,0.0,0.0,0.0,0.0,0.0,0,0,200.40041559637118,0.0,0,875
2025-06-19,0.0,0.0,0.0,0.0,0.0,0.0,0,0,200.4501370835674,0.0,0,950
2025-06-20,-33802.96294460574,168.97367328006646,120000.0,4343.678699101921,149628.25791878387,0.0,600,15000,200.47561037732973,9652.619331337599,600,425
2025-06-21,0.0,0.0,0.0,0.0,0.0,0.0,0,0,200.48795815043738,0.0,0,500
2025-06-22,0.0,0.0,0.0,0.0,0.0,0.0,0,0,200.48433919168497,0.0,0,575
2025-06-23,0.0,0.0,0.0,0.0,0.0,0.0,0,0,200.46170705824136,0.0,0,650
2025-06-24,0.0,0.0,0.0,0.0,0.0,0.0,0,0,200.4168399499157,0.0,0,725
2025-06-25,0.0,0.0,0.0,0.0,0.0,0.0,0,0,200.34637399588573,0.0,0,800
2025-06-26,0.0,0.0,0.0,0.0,0.0,0.0,0,0,200.24683949014218,0.0,0,875
2025-06-27,0.0,0.0,0.0,0.0,0.0,0.0,0,0,200.11469951613807,0.0,0,950
2025-06-28,0.0,0.0,0.0,0.0,0.0,0.0,0,0,199.9463903165197,0.0,0,1025
2025-06-29,0.0,0.0,0.0,0.0,0.0,0.0,0,0,199.73836269375025,0.0,0,1100
2025-06-30,0.0,0.0,0.0,0.0,0.0,0.0,0,0,199.487123674978,0.0,0,1175
2025-07-01,0.0,0.0,0.0,0.0,0.0,0.0,0,0,199.1842283183119,0.0,0,1250
2025-07-02,0.0,0.0,0.0,0.0,0.0,0.0,0,0,198.8320630733724,0.0,0,1325
2025-07-03,0.0,0.0,0.0,0.0,0.0,0.0,0,0,198.427479379675,0.0,0,1400
2025-07-04,-75000.0,0.0,0.0,0.0,0.0,75000.0,0,0,197.96754457206444,0.0,0,1400
2025-07-05,-75000.0,0.0,0.0,0.0,0.0,75000.0,0,0,197.44957249191614,0.0,0,1400
2025-07-06,-75000.0,0.0,0.0,0.0,0.0,75000.0,0,0,196.86610059199697,0.0,0,1400
2025-07-07,-75000.0,0.0,0.0,0.0,0.0,75000.0,0,0,196.22570456395636,0.0,0,1400
2025-07-08,-75000.0,0.0,0.0,0.0,0.0,75000.0,0,0,195.52086734757432,0.0,0,1400
2025-07-09,-75000.0,0.0,0.0,0.0,0.0,75000.0,0,0,194.75011060396332,0.0,0,1400
2025-07-10,-75000.0,0.0,0.0,0.0,0.0,75000.0,0,0,193.91733312035416,0.0,0,1400
2025-07-11,-75000.0,0.0,0.0,0.0,0.0,75000.0,0,0,193.00596892761712,0.0,0,1400
2025-07-12,-75000.0,0.0,0.0,0.0,0.0,75000.0,0,0,192.03697217746057,0.0,0,1400
2025-07-13,-75000.0,0.0,0.0,0.0,0.0,75000.0,0,0,190.9836477998009,0.0,0,1400
2025-07-14,-75000.0,0.0,0.0,0.0,0.0,75000.0,0,0,189.86815796615647,0.0,0,1400
2025-07-15,-75000.0,0.0,0.0,0.0,0.0,75000.0,0,0,188.69521358617524,0.0,0,1400
2025-07-16,-75000.0,0.0,0.0,0.0,0.0,75000.0,0,0,187.44906898974244,0.0,0,1400
2025-07-17,-117821.72047900199,257.99530172424966,368000.0,26647.305444519534,459432.41033620667,0.0,1840,46000,186.13633179125915,59216.23432115454,1840,-365
2025-07-18,-14440.006311047408,129.78877351992355,52000.0,1855.3303863111632,64714.46469825617,0.0,260,6500,184.7530503060154,4122.956414024808,260,-550
2025-07-19,-3536.129323389292,54.0293311253711,14000.0,209.02318299047977,17381.135471524183,0.0,70,1750,183.31119577316647,464.49596220106616,70,-545
2025-07-20,0.0,0.0,0.0,0.0,0.0,0.0,0,0,181.80985666074807,0.0,0,-470
2025-07-21,0.0,0.0,0.0,0.0,0.0,0.0,0,0,180.24631494700415,0.0,0,-395
2025-07-22,0.0,0.0,0.0,0.0,0.0,0.0,0,0,178.60324194930752,0.0,0,-320
2025-07-23,0.0,0.0,0.0,0.0,0.0,0.0,0,0,176.92016565632935,0.0,0,-245
2025-07-24,0.0,0.0,0.0,0.0,0.0,0.0,0,0,175.18680198295974,0.0,0,-170
2025-07-25,0.0,0.0,0.0,0.0,0.0,0.0,0,0,173.39432088001303,0.0,0,-95
2025-07-26,0.0,0.0,0.0,0.0,0.0,0.0,0,0,171.5452794847142,0.0,0,-20
2025-07-27,0.0,0.0,0.0,0.0,0.0,0.0,0,0,169.65733263902965,0.0,0,55
2025-07-28,-38737.81611086553,160.3337730805011,136000.0,5250.884184723141,169647.2656992229,0.0,680,17000,167.72105039806226,11668.631521606978,680,-550
2025-07-29,-3581.754127758053,46.18034403564176,14000.0,229.5312286721045,17398.40324312159,0.0,70,1750,165.73338835678064,510.0693970491211,70,-545
2025-07-30,-4101.778180235242,53.74113895048758,16000.0,273.7498248768014,19881.769494308926,0.0,80,2000,163.70199697650398,608.33294417067,80,-550
2025-07-31,0.0,0.0,0.0,0.0,0.0,0.0,0,0,161.6389182448831,0.0,0,-475
2025-08-01,0.0,0.0,0.0,0.0,0.0,0.0,0,0,159.52472051995073,0.0,0,-400
2025-08-02,-11651.748649492372,107.67978170892516,44000.0,996.3239509609426,54763.104480240356,0.0,220,5500,157.37279963427602,2214.05322435765,220,-545
2025-08-03,-4105.5085811801255,52.5753886552128,16000.0,273.7498248768014,19884.334144958535,0.0,80,2000,155.19524437134592,608.33294417067,80,-550
2025-08-04,-3569.864426763943,38.80644671774917,14000.0,194.04505626074328,17414.62581722095,0.0,70,1750,152.97774140134015,431.2112361349851,70,-545
2025-08-05,-4082.725451452525,42.526977307426996,16000.0,218.81177883629505,19906.440649923657,0.0,80,2000,150.74160327544269,486.24839741398904,80,-550
2025-08-06,-3717.3339492075265,34.6714360869386,14000.0,328.2825446857298,17423.722840608734,0.0,70,1750,148.45323844374636,729.5167659682886,70,-545
2025-08-07,0.0,0.0,0.0,0.0,0.0,0.0,0,0,146.14889179166477,0.0,0,-470
2025-08-08,0.0,0.0,0.0,0.0,0.0,0.0,0,0,143.8194834314187,0.0,0,-395
2025-08-09,0.0,0.0,0.0,0.0,0.0,0.0,0,0,141.47080576308022,0.0,0,-320
2025-08-10,-16180.00323677162,109.20298887796534,60000.0,1529.452801181107,74759.75342446848,0.0,300,7500,139.1061242184184,3398.784002624682,300,-545
2025-08-11,-4115.679408787677,49.39700502785067,16000.0,273.7498248768014,19891.326588938726,0.0,80,2000,136.71851898908676,608.33294417067,80,-550
2025-08-12,-3594.03357227587,42.34301762382307,14000.0,229.5312286721045,17406.845361227588,0.0,70,1750,134.31976721672714,510.0693970491211,70,-545
2025-08-13,-4118.806127043061,48.41990557304412,16000.0,273.7498248768014,19893.476207739302,0.0,80,2000,131.8982506164206,608.33294417067,80,-550
2025-08-14,0.0,0.0,0.0,0.0,0.0,0.0,0,0,129.4793844049821,0.0,0,-475
2025-08-15,0.0,0.0,0.0,0.0,0.0,0.0,0,0,127.05972821818094,0.0,0,-400
2025-08-16,0.0,0.0,0.0,0.0,0.0,0.0,0,0,124.63661845256985,0.0,0,-325
2025-08-17,0.0,0.0,0.0,0.0,0.0,0.0,0,0,122.21312254628111,0.0,0,-250
2025-08-18,0.0,0.0,0.0,0.0,0.0,0.0,0,0,119.7923045410923,0.0,0,-175
2025-08-19,-24862.725127617843,109.84737652113779,90000.0,2714.2367324854963,112258.33577165348,0.0,450,11250,117.37720578644155,6031.637183301103,450,-550
2025-08-20,-3605.772631346941,38.67456166411383,14000.0,229.5312286721045,17414.91596433895,0.0,70,1750,114.97924341055257,510.0693970491211,70,-545
2025-08-21,-4133.599356590485,43.79702133947462,16000.0,273.7498248768014,19903.646553053157,0.0,80,2000,112.5863795288089,608.33294417067,80,-550
2025-08-22,-3609.236576994548,37.59207864923665,14000.0,229.5312286721045,17417.29742697168,0.0,70,1750,110.21680218169976,510.0693970491211,70,-545
2025-08-23,-4137.831192195739,42.47457271283239,16000.0,273.7498248768014,19906.55594003177,0.0,80,2000,107.86676232030685,608.33294417067,80,-550
2025-08-24,-3612.894801992501,36.44888333737687,14000.0,229.5312286721045,17419.81245665777,0.0,70,1750,105.53089412561776,510.0693970491211,70,-545
2025-08-25,-4142.251967153856,41.09308053842167,16000.0,273.7498248768014,19909.595222815475,0.0,80,2000,103.21872865693425,608.33294417067,80,-550
2025-08-26,-3552.8306657261164,36.332560902719926,14000.0,169.09486061481812,17420.068366014017,0.0,70,1750,100.94121154231975,375.76635692181804,70,-545
2025-08-27,-4105.508880976309,26.57364732685704,16000.0,190.54455242225234,19941.537975880914,0.0,80,2000,98.69416463254848,423.43233871611636,80,-550
2025-08-28,-3591.079227979326,26.018858138047865,14000.0,174.33957402107902,17442.758512096294,0.0,70,1750,96.46643404809402,387.4212756023978,70,-545
2025-08-29,-4084.177882764847,24.329888623959008,16000.0,162.0335263615158,19946.47424502729,0.0,80,2000,94.28210649227243,360.07450302559073,80,-550
2025-08-30,-3552.4744466048815,33.87101736376797,14000.0,160.86170216894044,17425.48376179971,0.0,70,1750,92.1333351647797,357.47044926431204,70,-545
2025-08-31,-4062.9547259138453,33.201666486921596,16000.0,169.20005867199285,19926.956333728776,0.0,80,2000,90.02207101428569,376.0001303822063,80,-550
2025-09-01,-3556.7896788931066,32.522507273697265,14000.0,160.86170216894044,17428.450483997865,0.0,70,1750,87.95009050712702,357.47044926431204,70,-545
2025-09-02,-4083.7307429047014,31.740342534778737,16000.0,185.29983901599144,19930.171246423488,0.0,80,2000,85.91213024352852,411.7774200355365,80,-550
2025-09-03,-3569.74934541521,31.045473499877975,14000.0,169.09486061481812,17431.69995830027,0.0,70,1750,83.92464109837259,375.76635692181804,70,-545
2025-09-04,-4088.200088385376,30.34367207206815,16000.0,185.29983901599144,19933.24392144145,0.0,80,2000,81.96677626919985,411.7774200355365,80,-550
2025-09-05,-3574.2598904140887,29.635928187728,14000.0,169.09486061481812,17434.800957986998,0.0,70,1750,80.06970936222639,375.76635692181804,70,-545
2025-09-06,-4092.745443757718,28.92324851821145,16000.0,185.29983901599144,19936.368853259937,0.0,80,2000,78.2176550486544,411.7774200355365,80,-550
2025-09-07,-3608.091496020599,16.490486141595582,14000.0,160.86105167370496,17463.72093048849,0.0,70,1750,76.41149451874934,357.4690037193444,70,-545
2025-09-08,-4115.539806859364,16.50579607876028,16000.0,168.35835431139523,19963.687248626728,0.0,80,2000,74.65194327664865,374.12967624754504,80,-550
2025-09-09,-3605.582872200075,15.671832100278838,14000.0,155.73273492096507,17465.521969379388,0.0,70,1750,72.93955599380736,346.07274426881133,70,-545
2025-09-10,-4128.206591309714,15.268574614113328,16000.0,177.06603007487828,19966.40913584895,0.0,80,2000,71.26786409626048,393.48006683306295,80,-550
2025-09-11,-3597.096243752414,17.687164408139534,14000.0,153.6951698584634,17461.08823830209,0.0,70,1750,69.65213035524792,341.5448219076965,70,-545
2025-09-12,-4106.576935430512,24.600907370462583,16000.0,185.29983901599144,19945.878003784983,0.0,80,2000,68.08406759894422,411.7774200355365,80,-550
2025-09-13,-3592.671316973425,23.882357387935055,14000.0,169.09486061481812,17447.45881374654,0.0,70,1750,66.55678274538464,375.76635692181804,70,-545
2025-09-14,-4111.16541786677,23.16700660913201,16000.0,185.29983901599144,19949.03258545991,0.0,80,2000,65.08510902974466,411.7774200355365,80,-550
2025-09-15,-3618.23178816618,13.321644846101758,14000.0,160.86105167370496,17470.692381338577,0.0,70,1750,63.66032127972953,357.4690037193444,70,-545
2025-09-16,-4135.634151129323,12.947462170485567,16000.0,177.06603007487828,19971.51558322493,0.0,80,2000,62.28194304583699,393.48006683306295,80,-550
2025-09-17,-3605.946570401813,14.921437330203515,14000.0,153.6951698584634,17467.172837873553,0.0,70,1750,60.942457937648584,341.5448219076965,70,-545
2025-09-18,0.0,0.0,0.0,0.0,0.0,0.0,0,0,59.656057450544004,0.0,0,-470
2025-09-19,0.0,0.0,0.0,0.0,0.0,0.0,0,0,58.41335399710502,0.0,0,-395
2025-09-20,-12372.985901136271,38.18876463892218,46000.0,995.1899479808225,57415.984717794374,0.0,230,5750,57.213187083526435,2211.533217735161,230,-550
2025-09-21,-3652.296380389149,24.423491089453876,14000.0,230.45155187539996,17446.2683196032,0.0,70,1750,56.05420145712481,512.114559723111,70,-545
2025-09-22,-4184.216763772152,25.570674553682046,16000.0,266.0429223439359,19943.7445159819,0.0,80,2000,54.93484519347025,591.2064940976354,80,-550
2025-09-23,-3653.7441280587864,23.971069942692054,14000.0,230.45155187539996,17447.263646126077,0.0,70,1750,53.853369288974335,512.114559723111,70,-545
2025-09-24,-4186.093691531592,24.984134628857696,16000.0,266.0429223439359,19945.034903816515,0.0,80,2000,52.80782920964019,591.2064940976354,80,-550
2025-09-25,-3655.3375093993927,23.473138273752248,14000.0,230.45155187539996,17448.359095797743,0.0,70,1750,51.79608882040455,512.114559723111,70,-545
2025-09-26,-4188.125817438193,24.349095283045024,16000.0,266.0429223439359,19946.431990377303,0.0,80,2000,50.81582707733685,591.2064940976354,80,-550
2025-09-27,-3651.523796586758,21.125087210928676,14000.0,219.12407566173056,17453.524808135957,0.0,70,1750,49.85768153221086,486.9423903594013,70,-545
2025-09-28,-4158.059223933262,22.655476874783858,16000.0,230.55674993257466,19950.157950875473,0.0,80,2000,48.92028082103365,512.3483331834993,80,-550
2025-09-29,-3652.9013043846026,20.69461602410233,14000.0,219.12407566173056,17454.471844746975,0.0,70,1750,48.02248249298044,486.9423903594013,70,-545
2025-09-30,-4192.888106222594,22.860880037920072,16000.0,266.0429223439359,19949.70606391658,0.0,80,2000,47.144638286230744,591.2064940976354,80,-550
2025-10-01,-3687.3824589284413,21.00868410770279,14000.0,254.6102480730918,17453.780894963053,0.0,70,1750,46.28382027530426,565.8005512735374,0,-545
2025-10-02,-4195.703295709034,21.98113332340638,16000.0,266.0429223439359,19951.641506688506,0.0,80,2000,45.43701203437056,591.2064940976354,0,-550
2025-10-03,-3636.8439458333905,7.50534557509908,14000.0,160.86105167370496,17483.488239734783,0.0,70,1750,44.60114069140588,357.4690037193444,0,-545
2025-10-04,-4153.889478287145,7.242672433668085,16000.0,177.06603007487828,19984.066120645934,0.0,80,2000,43.773111723500584,393.48006683306295,0,-550
2025-10-05,-3638.5043660592164,6.986464254528535,14000.0,160.86105167370496,17484.62977864004,0.0,70,1750,42.94984603498688,357.4690037193444,0,-545
2025-10-06,-4155.50861211636,6.736693112035795,16000.0,177.06603007487828,19985.179275153518,0.0,80,2000,42.12831876816064,393.48006683306295,0,-550
2025-10-07,-3640.0824142012916,6.493324210130555,14000.0,160.86105167370496,17485.714686737716,0.0,70,1750,41.305599214133565,357.4690037193444,0,-545
2025-10-08,-4157.0458182230705,6.256316203690885,16000.0,177.06603007487828,19986.236104351883,0.0,80,2000,40.46515857079109,393.48006683306295,0,-550
2025-10-09,-3641.5790628070263,6.025621520837349,14000.0,160.86105167370496,17486.743632654157,0.0,70,1750,39.63441372904709,357.4690037193444,0,-545
2025-10-10,-4158.502232681778,5.801186685344525,16000.0,177.06603007487828,19987.237389292244,0.0,80,2000,38.79420079202995,393.48006683306295,0,-550
2025-10-11,-3630.6141090515684,13.68169669447036,14000.0,174.3955384738777,17469.90026727216,0.0,70,1750,37.94243258314278,387.54564105306156,0,-545
2025-10-12,-4136.072197295265,14.779710348172987,16000.0,183.36727040941878,19967.484637234018,0.0,80,2000,37.07729610723943,407.48282313204174,0,-550
2025-10-13,-3628.3079911805416,13.633314049385596,14000.0,171.9345961385747,17470.006709091354,0.0,70,1750,36.19728420197943,382.0768803079438,0,-545
2025-10-14,-4138.358114392846,13.098386952743796,16000.0,180.2729526416271,19971.183548703964,0.0,80,2000,35.30122285215203,400.60656142583804,0,-550
2025-10-15,-3636.8673240003864,11.72756702296581,14000.0,174.3955384738777,17474.199352549476,0.0,70,1750,34.388293504164835,387.54564105306156,0,-545
2025-10-16,-4148.537963307299,11.653202949193592,16000.0,185.82821274472178,19974.362953511773,0.0,80,2000,33.458049812372956,412.9515838771595,0,-550
2025-10-17,-3638.1402517951974,3.4925835242794427,14000.0,149.3165190728904,17492.316316246586,0.0,70,1750,32.51042836120613,331.81448682864533,0,-545
2025-10-18,-4152.145837894172,10.52574214079587,16000.0,185.82821274472178,19976.843367290247,0.0,80,2000,31.545753034448005,412.9515838771595,0,-550
2025-10-19,0.0,0.0,0.0,0.0,0.0,0.0,0,0,30.564732842253072,0.0,0,-475
2025-10-20,-8021.638653160797,21.619220890499996,30000.0,590.8201600103929,37452.437714040905,0.0,150,3750,29.568453163767767,1312.9336889119838,0,-550
2025-10-21,-3681.6606536738236,3.870125808412582,14000.0,194.04505626074328,17491.485723221493,0.0,70,1750,28.55836051439063,431.2112361349851,0,-545
2025-10-22,-4235.409178321335,8.961756444500821,16000.0,264.0867989437392,19980.284135822098,0.0,80,2000,27.53624109735041,586.8595532083094,0,-550
2025-10-23,-3683.0068963284903,3.449424978829404,14000.0,194.04505626074328,17492.411265046576,0.0,70,1750,26.504193544915452,431.2112361349851,0,-545
2025-10-24,-4196.395032254508,3.254309315606698,16000.0,206.80882206445182,19992.840519505662,0.0,80,2000,25.464596390753314,459.5751601432263,0,-550
2025-10-25,0.0,0.0,0.0,0.0,0.0,0.0,0,0,24.42007093757595,0.0,0,-475
2025-10-26,0.0,0.0,0.0,0.0,0.0,0.0,0,0,23.3734402894672,0.0,0,-400
2025-10-27,0.0,0.0,0.0,0.0,0.0,0.0,0,0,22.327685402991165,0.0,0,-325
2025-10-28,-16419.15067359669,18.66749282480421,60000.0,1478.88665063605,74958.93151578544,0.0,300,7500,21.28589907278804,3286.4147791912224,0,-550
2025-10-29,-3712.0900979667877,5.126665783880021,14000.0,228.49542847520325,17488.721335275466,0.0,70,1750,20.238501094310838,507.76761883378504,0,-545
2025-10-30,-4248.40476049358,4.900637015674251,16000.0,264.0867989437392,19989.218598565516,0.0,80,2000,19.195953455252415,586.8595532083094,0,-550
2025-10-31,-3714.657336756709,4.324403662029711,14000.0,228.49542847520325,17490.486311943536,0.0,70,1750,18.187275793767835,507.76761883378504,0,-545
2025-11-01,-4250.886267210433,4.125166166657298,16000.0,264.0867989437392,19990.92463443335,0.0,80,2000,17.182231058087094,586.8595532083094,0,-550
2025-11-02,-3716.914015305927,3.6191916153988255,14000.0,228.49542847520325,17492.037778446123,0.0,70,1750,16.203808859131257,507.76761883378504,0,-545
2025-11-03,-4253.032383492335,3.302164549679386,16000.0,263.59931005130824,19992.735237990706,0.0,80,2000,15.23519224140537,585.7762445584627,0,-550
2025-11-04,-3640.2399666623623,1.538146804255378,14000.0,145.162036435981,17496.616077030638,0.0,70,1750,14.300317899575154,322.58230319106895,0,-545
2025-11-05,-4150.057977691848,1.604986108997476,16000.0,155.1939332406398,19996.469030560205,0.0,80,2000,13.393487437620559,344.8754072014218,0,-550
2025-11-06,-3645.390307674372,1.2269410620371026,14000.0,149.3165190728904,17497.30072966352,0.0,70,1750,12.509079963128029,331.81448682864533,0,-545
2025-11-07,0.0,0.0,0.0,0.0,0.0,0.0,0,0,11.669652951626095,0.0,0,-470
2025-11-08,0.0,0.0,0.0,0.0,0.0,0.0,0,0,10.849854096061753,0.0,0,-395
2025-11-09,-12479.467445093032,3.12294034310527,46000.0,989.4608541909704,57493.12953124517,0.0,230,5750,10.066474411467958,2198.801898202156,0,-550
2025-11-10,0.0,0.0,0.0,0.0,0.0,0.0,0,0,9.331689213807278,0.0,0,-475
2025-11-11,-7965.65212532676,2.4003053986188223,30000.0,473.3331026023371,37494.71932812304,0.0,150,3750,8.63254303812484,1051.8513391163046,0,-550
2025-11-12,-3633.1350118958253,5.098214821103339,14000.0,149.44929932335876,17488.78392739357,0.0,70,1750,7.951720293501203,332.1095540519084,0,-545
2025-11-13,-4142.725314872003,4.70698154825209,16000.0,157.78765582641117,19989.644640593844,0.0,80,2000,7.31375958631128,350.63923516980265,0,-550
2025-11-14,-3642.351433668784,0.878313364748555,14000.0,145.162036435981,17498.067710597552,0.0,70,1750,6.719179028218977,322.58230319106895,0,-545
2025-11-15,-4149.130781204793,3.871243745539917,16000.0,161.51876119051926,19991.483263759812,0.0,80,2000,6.160768679770534,358.9305804233761,0,-550
2025-11-16,-3640.484332653672,3.4382911663090874,14000.0,151.48686438586046,17492.43575943412,0.0,70,1750,5.620162101244629,336.63747641302325,0,-545
2025-11-17,-4151.280972595261,3.199308936019121,16000.0,161.51876119051926,19992.96152034076,0.0,80,2000,5.133660414328397,358.9305804233761,0,-550
2025-11-18,-3647.4418450286794,0.585835638816674,14000.0,149.3165190728904,17498.711161594605,0.0,70,1750,4.674498065791494,331.81448682864533,0,-545
2025-11-19,-4163.748252864038,0.554138940633404,16000.0,165.52149747406372,19998.780894330608,0.0,80,2000,4.267490589732464,367.8255499423638,0,-550
2025-11-20,-3643.2124853264595,0.609234721725558,14000.0,145.162036435981,17498.659683612204,0.0,70,1750,3.879452287307085,322.58230319106895,0,-545
2025-11-21,-4163.936692032192,0.495251700584074,16000.0,165.52149747406372,19998.910446258713,0.0,80,2000,3.5266053836797466,367.8255499423638,0,-550
2025-11-22,-3647.8191077449046,0.467941039995818,14000.0,149.3165190728904,17498.97052971201,0.0,70,1750,3.201821185199192,331.81448682864533,0,-545
2025-11-23,-4164.107177200167,0.44197508559194354,16000.0,165.52149747406372,19999.027654811696,0.0,80,2000,2.898574687268643,367.8255499423638,0,-550
2025-11-24,-3726.023646369169,0.33249062822219355,14000.0,227.08761637947683,17499.268520617912,0.0,70,1750,2.6064389342341503,504.63914750994854,0,-545
2025-11-25,-4261.682986548813,0.3112500934996645,16000.0,262.67898684801276,19999.3152497943,0.0,80,2000,2.3532100392458797,583.7310818844728,0,-550
2025-11-26,-3726.1553415968974,0.29133586955653745,14000.0,227.08761637947683,17499.359061086976,0.0,70,1750,2.12340703370977,504.63914750994854,0,-545
2025-11-27,-4261.806451634824,0.272667254121342,16000.0,262.67898684801276,19999.400132040933,0.0,80,2000,1.919384872763639,583.7310818844728,0,-550
2025-11-28,-3726.3518676664717,0.22992147281459901,14000.0,227.08761637947683,17499.49417275981,0.0,70,1750,1.7156935567584441,504.63914750994854,0,-545
2025-11-29,-4164.612690220534,0.2840022667280955,16000.0,165.52149747406372,19999.3751950132,0.0,80,2000,1.5447812545395478,367.8255499423638,0,-550
2025-11-30,-3648.458985772839,0.267979156265978,14000.0,149.3165190728904,17499.410445856214,0.0,70,1750,1.4013993060152794,331.81448682864533,0,-545
2025-12-01,-4154.152886114824,0.325327226817582,16000.0,155.1939332406398,19999.284280101,0.0,80,2000,1.2457709039305542,344.8754072014218,0,-550
2025-12-02,-3648.553872028295,0.238327201436607,14000.0,149.3165190728904,17499.47568015684,0.0,70,1750,1.1249648495618016,331.81448682864533,0,-545
2025-12-03,-4164.802681742298,0.224629916177349,16000.0,165.52149747406372,19999.505814184413,0.0,80,2000,1.0093762440596354,367.8255499423638,0,-550
2025-12-04,-3648.2158896376422,0.211641300764707,14000.0,148.8931418000891,17499.534389138316,0.0,70,1750,0.9124857405387914,330.8736484446424,0,-545
2025-12-05,-4160.165758133129,0.422813455435021,16000.0,161.51876119051926,19999.069810398043,0.0,80,2000,0.8303297392439546,358.9305804233761,0,-550
2025-12-06,-3648.292613137215,0.1876652071482585,14000.0,148.8931418000891,17499.587136544273,0.0,70,1750,0.7435871822346981,330.8736484446424,0,-545
2025-12-07,-4202.3868877369205,0.208283573629653,16000.0,203.0533951725351,19999.541776138016,0.0,80,2000,0.6714800410903417,451.22976705007795,0,-550
2025-12-08,-3693.4984044631146,0.1708286867588435,14000.0,194.04505626074328,17499.62417688913,0.0,70,1750,0.6013219603994764,431.2112361349851,0,-545
2025-12-09,-4202.559039057729,0.154486285876797,16000.0,203.0533951725351,19999.660130171073,0.0,80,2000,0.518415274134167,451.22976705007795,0,-550
2025-12-10,-3690.2954454169794,0.041353239100984,14000.0,190.42777578210493,17499.909022873977,0.0,70,1750,0.4316443011136632,423.17283507134425,0,-545
2025-12-11,-4206.452548148607,0.111335598702197,16000.0,206.80882206445182,19999.755061682856,0.0,80,2000,0.3823356825725562,459.5751601432263,0,-550
2025-12-12,-3644.732646883842,0.134184235042888,14000.0,145.162036435981,17499.704794682904,0.0,70,1750,0.3128110886141593,322.58230319106895,0,-545
2025-12-13,-4154.789823496449,0.1262842950595615,16000.0,155.1939332406398,19999.72217455087,0.0,80,2000,0.2819697804485975,344.8754072014218,0,-550
2025-12-14,-3644.8839052773383,0.0869159870757215,14000.0,145.162036435981,17499.808784828434,0.0,70,1750,0.2473893765144262,322.58230319106895,0,-545
2025-12-15,-4154.931942778798,0.08187201932563751,16000.0,155.1939332406398,19999.819881557483,0.0,80,2000,0.2023525093688638,344.8754072014218,0,-550
2025-12-16,-3644.9153448461657,0.077091121816678,14000.0,145.162036435981,17499.830399532002,0.0,70,1750,0.1692469169171378,322.58230319106895,0,-545
2025-12-17,-4154.961736438076,0.0725615008015235,16000.0,155.1939332406398,19999.840364698237,0.0,80,2000,0.131962387926017,344.8754072014218,0,-550
2025-12-18,-3696.752603731984,0.0,14000.0,196.75260373198438,17500.0,0.0,70,1750,0.123985867957165,437.22800829329856,0,-545
2025-12-19,-4219.882971585037,0.0,16000.0,219.88297158503542,20000.0,0.0,80,2000,0.1100693983728803,488.6288257445231,0,-550
2025-12-20,-3696.752603731984,0.0,14000.0,196.75260373198438,17500.0,0.0,70,1750,0.090598886691885,437.22800829329856,0,-545
2025-12-21,-4219.882971585037,0.0,16000.0,219.88297158503542,20000.0,0.0,80,2000,0.07869271078891729,488.6288257445231,0,-550
2025-12-22,-3696.752603731984,0.0,14000.0,196.75260373198438,17500.0,0.0,70,1750,0.0675003551909758,437.22800829329856,0,-545
2025-12-23,-4155.033770619382,0.050050819142751,16000.0,155.1939332406398,19999.889888197886,0.0,80,2000,0.056983029554486496,344.8754072014218,0,-550
2025-12-24,-3645.0116896133404,0.046983382074731,14000.0,145.162036435981,17499.896636559435,0.0,70,1750,0.040726050975439,322.58230319106895,0,-545
2025-12-25,-4203.053395172534,0.0,16000.0,203.0533951725351,20000.0,0.0,80,2000,0.0382344008852415,451.22976705007795,0,-550
2025-12-26,-3690.4277757821037,0.0,14000.0,190.42777578210493,17500.0,0.0,70,1750,0.0358813974632841,423.17283507134425,0,-545
2025-12-27,-4203.053395172534,0.0,16000.0,203.0533951725351,20000.0,0.0,80,2000,0.0336602610267213,451.22976705007795,0,-550
2025-12-28,-3645.0457425510776,0.03634183903207,14000.0,145.162036435981,17499.92004795413,0.0,70,1750,0.0315644830269423,322.58230319106895,0,-545
2025-12-29,-4155.084976248765,0.0340490599605805,16000.0,155.1939332406398,19999.925092068086,0.0,80,2000,0.0295878189587995,344.8754072014218,0,-550
2025-12-30,-3645.1620364359806,0.0,14000.0,145.162036435981,17500.0,0.0,70,1750,0.021346547604944102,322.58230319106895,0,-545
2025-12-31,-4155.19393324064,0.0,16000.0,155.1939332406398,20000.0,0.0,80,2000,0.0136196239842322,344.8754072014218,0,-550
