date,stp_id,farm_id,tons_delivered
2025-01-17,STP_TVM,F_1069,10
2025-01-18,STP_TVM,F_1069,10
2025-01-18,STP_TVM,F_1105,10
2025-01-18,STP_TVM,F_1221,10
2025-01-19,STP_TVM,F_1069,10
2025-01-19,STP_TVM,F_1105,10
2025-01-19,STP_TVM,F_1221,10
2025-01-20,STP_TVM,F_1164,10
2025-01-20,STP_TVM,F_1156,10
2025-01-20,STP_TVM,F_1088,10
2025-01-21,STP_TVM,F_1164,10
2025-01-21,STP_TVM,F_1156,10
2025-01-21,STP_TVM,F_1088,10
2025-01-21,STP_KKD,F_1095,10
2025-01-21,STP_KKD,F_1197,10
2025-01-21,STP_KCH,F_1039,10
2025-01-21,STP_KCH,F_1208,10
2025-01-21,STP_GVR,F_1233,10
2025-01-22,STP_TVM,F_1164,10
2025-01-22,STP_TVM,F_1156,10
2025-01-22,STP_TVM,F_1088,10
2025-01-22,STP_KKD,F_1095,10
2025-01-22,STP_KKD,F_1197,10
2025-01-22,STP_GVR,F_1233,10
2025-01-22,STP_KCH,F_1039,10
2025-01-23,STP_TVM,F_1164,10
2025-01-23,STP_TVM,F_1156,10
2025-01-23,STP_TVM,F_1088,10
2025-01-23,STP_KKD,F_1095,10
2025-01-23,STP_KKD,F_1197,10
2025-01-23,STP_KCH,F_1039,10
2025-01-23,STP_KCH,F_1208,10
2025-01-23,STP_GVR,F_1233,10
2025-01-24,STP_TVM,F_1164,10
2025-01-24,STP_TVM,F_1156,10
2025-01-24,STP_TVM,F_1088,10
2025-01-24,STP_KKD,F_1095,10
2025-01-24,STP_KKD,F_1197,10
2025-01-24,STP_GVR,F_1233,10
2025-01-24,STP_KCH,F_1039,10
2025-01-25,STP_TVM,F_1164,10
2025-01-25,STP_TVM,F_1156,10
2025-01-25,STP_TVM,F_1088,10
2025-01-25,STP_KKD,F_1095,10
2025-01-25,STP_KKD,F_1197,10
2025-01-25,STP_KCH,F_1039,10
2025-01-25,STP_KCH,F_1208,10
2025-01-25,STP_GVR,F_1233,10
2025-01-26,STP_TVM,F_1164,10
2025-01-26,STP_TVM,F_1156,10
2025-01-26,STP_TVM,F_1088,10
2025-01-26,STP_KKD,F_1095,10
2025-01-26,STP_KKD,F_1197,10
2025-01-26,STP_GVR,F_1233,10
2025-01-26,STP_KCH,F_1039,10
2025-01-27,STP_TVM,F_1164,10
2025-01-27,STP_TVM,F_1156,10
2025-01-27,STP_TVM,F_1088,10
2025-01-27,STP_KKD,F_1095,10
2025-01-27,STP_KKD,F_1197,10
2025-01-27,STP_KCH,F_1039,10
2025-01-27,STP_KCH,F_1208,10
2025-01-27,STP_GVR,F_1233,10
2025-01-28,STP_TVM,F_1164,10
2025-01-28,STP_TVM,F_1156,10
2025-01-28,STP_TVM,F_1088,10
2025-01-28,STP_KKD,F_1095,10
2025-01-28,STP_KKD,F_1197,10
2025-01-28,STP_GVR,F_1233,10
2025-01-28,STP_KCH,F_1039,10
2025-01-29,STP_TVM,F_1164,10
2025-01-29,STP_TVM,F_1156,10
2025-01-29,STP_TVM,F_1088,10
2025-01-29,STP_KKD,F_1095,10
2025-01-29,STP_KKD,F_1104,10
2025-01-29,STP_KCH,F_1039,10
2025-01-29,STP_KCH,F_1208,10
2025-01-29,STP_GVR,F_1233,10
2025-01-30,STP_TVM,F_1164,10
2025-01-30,STP_TVM,F_1156,10
2025-01-30,STP_TVM,F_1088,10
2025-01-30,STP_KKD,F_1095,10
2025-01-30,STP_KKD,F_1104,10
2025-01-30,STP_GVR,F_1233,10
2025-01-30,STP_KCH,F_1039,10
2025-01-31,STP_TVM,F_1164,10
2025-01-31,STP_TVM,F_1156,10
2025-01-31,STP_TVM,F_1088,10
2025-01-31,STP_KKD,F_1095,10
2025-01-31,STP_KKD,F_1104,10
2025-01-31,STP_KCH,F_1039,10
2025-01-31,STP_KCH,F_1208,10
2025-01-31,STP_GVR,F_1233,10
2025-02-01,STP_TVM,F_1164,10
2025-02-01,STP_TVM,F_1156,10
2025-02-01,STP_TVM,F_1088,10
2025-02-01,STP_KKD,F_1095,10
2025-02-01,STP_KKD,F_1104,10
2025-02-01,STP_GVR,F_1233,10
2025-02-01,STP_KCH,F_1039,10
2025-02-02,STP_TVM,F_1164,10
2025-02-02,STP_TVM,F_1156,10
2025-02-02,STP_TVM,F_1088,10
2025-02-02,STP_KKD,F_1095,10
2025-02-02,STP_KKD,F_1104,10
2025-02-02,STP_KCH,F_1039,10
2025-02-02,STP_KCH,F_1208,10
2025-02-02,STP_GVR,F_1233,10
2025-02-03,STP_TVM,F_1164,10
2025-02-03,STP_TVM,F_1156,10
2025-02-03,STP_TVM,F_1088,10
2025-02-03,STP_KKD,F_1095,10
2025-02-03,STP_KKD,F_1104,10
2025-02-03,STP_GVR,F_1233,10
2025-02-03,STP_KCH,F_1039,10
2025-02-04,STP_TVM,F_1164,10
2025-02-04,STP_TVM,F_1156,10
2025-02-04,STP_TVM,F_1088,10
2025-02-04,STP_KKD,F_1104,10
2025-02-04,STP_KKD,F_1095,10
2025-02-04,STP_KCH,F_1039,10
2025-02-04,STP_KCH,F_1208,10
2025-02-04,STP_GVR,F_1233,10
2025-02-05,STP_TVM,F_1164,10
2025-02-05,STP_TVM,F_1156,10
2025-02-05,STP_TVM,F_1046,10
2025-02-05,STP_KKD,F_1104,10
2025-02-05,STP_KKD,F_1095,10
2025-02-05,STP_GVR,F_1233,10
2025-02-05,STP_KCH,F_1039,10
2025-02-06,STP_TVM,F_1164,10
2025-02-06,STP_TVM,F_1156,10
2025-02-06,STP_TVM,F_1046,10
2025-02-06,STP_KKD,F_1104,10
2025-02-06,STP_KKD,F_1095,10
2025-02-06,STP_KCH,F_1039,10
2025-02-06,STP_KCH,F_1208,10
2025-02-06,STP_GVR,F_1233,10
2025-02-07,STP_TVM,F_1164,10
2025-02-07,STP_TVM,F_1046,10
2025-02-07,STP_TVM,F_1156,10
2025-02-07,STP_KKD,F_1104,10
2025-02-07,STP_KKD,F_1095,10
2025-02-07,STP_GVR,F_1233,10
2025-02-07,STP_KCH,F_1039,10
2025-02-08,STP_TVM,F_1046,10
2025-02-08,STP_TVM,F_1164,10
2025-02-08,STP_TVM,F_1156,10
2025-02-08,STP_KKD,F_1104,10
2025-02-08,STP_KKD,F_1095,10
2025-02-08,STP_KCH,F_1224,10
2025-02-08,STP_KCH,F_1039,10
2025-02-08,STP_GVR,F_1233,10
2025-02-09,STP_TVM,F_1046,10
2025-02-09,STP_TVM,F_1164,10
2025-02-09,STP_TVM,F_1156,10
2025-02-09,STP_KKD,F_1104,10
2025-02-09,STP_KKD,F_1095,10
2025-02-09,STP_GVR,F_1233,10
2025-02-09,STP_KCH,F_1224,10
2025-02-10,STP_TVM,F_1046,10
2025-02-10,STP_TVM,F_1069,10
2025-02-10,STP_TVM,F_1245,10
2025-02-10,STP_KKD,F_1095,10
2025-02-10,STP_KKD,F_1197,10
2025-02-10,STP_KCH,F_1039,10
2025-02-10,STP_KCH,F_1099,10
2025-02-10,STP_GVR,F_1233,10
2025-02-11,STP_TVM,F_1046,10
2025-02-11,STP_TVM,F_1069,10
2025-02-11,STP_TVM,F_1245,10
2025-02-11,STP_KKD,F_1197,10
2025-02-11,STP_KKD,F_1206,10
2025-02-11,STP_GVR,F_1233,10
2025-02-11,STP_KCH,F_1086,10
2025-02-12,STP_TVM,F_1046,10
2025-02-12,STP_TVM,F_1069,10
2025-02-12,STP_TVM,F_1245,10
2025-02-12,STP_KKD,F_1197,10
2025-02-12,STP_KKD,F_1206,10
2025-02-12,STP_KCH,F_1086,10
2025-02-12,STP_KCH,F_1066,10
2025-02-12,STP_GVR,F_1233,10
2025-02-13,STP_TVM,F_1046,10
2025-02-13,STP_TVM,F_1069,10
2025-02-13,STP_TVM,F_1245,10
2025-02-13,STP_KKD,F_1197,10
2025-02-13,STP_KKD,F_1206,10
2025-02-13,STP_GVR,F_1233,10
2025-02-13,STP_KCH,F_1086,10
2025-02-14,STP_TVM,F_1046,10
2025-02-14,STP_TVM,F_1069,10
2025-02-14,STP_TVM,F_1245,10
2025-02-14,STP_KKD,F_1197,10
2025-02-14,STP_KKD,F_1206,10
2025-02-14,STP_KCH,F_1086,10
2025-02-14,STP_KCH,F_1066,10
2025-02-14,STP_GVR,F_1233,10
2025-02-15,STP_TVM,F_1046,10
2025-02-15,STP_TVM,F_1164,10
2025-02-15,STP_TVM,F_1156,10
2025-02-15,STP_KKD,F_1104,10
2025-02-15,STP_KKD,F_1092,10
2025-02-15,STP_GVR,F_1233,10
2025-02-15,STP_KCH,F_1224,10
2025-02-16,STP_TVM,F_1046,10
2025-02-16,STP_TVM,F_1164,10
2025-02-16,STP_TVM,F_1156,10
2025-02-16,STP_KKD,F_1104,10
2025-02-16,STP_KKD,F_1092,10
2025-02-16,STP_KCH,F_1224,10
2025-02-16,STP_KCH,F_1039,10
2025-02-16,STP_GVR,F_1233,10
2025-02-17,STP_TVM,F_1046,10
2025-02-17,STP_TVM,F_1164,10
2025-02-17,STP_TVM,F_1156,10
2025-02-17,STP_KKD,F_1104,10
2025-02-17,STP_KKD,F_1092,10
2025-02-17,STP_GVR,F_1233,10
2025-02-17,STP_KCH,F_1224,10
2025-02-18,STP_TVM,F_1046,10
2025-02-18,STP_TVM,F_1164,10
2025-02-18,STP_TVM,F_1156,10
2025-02-18,STP_KKD,F_1104,10
2025-02-18,STP_KKD,F_1092,10
2025-02-18,STP_KCH,F_1224,10
2025-02-18,STP_KCH,F_1244,10
2025-02-18,STP_GVR,F_1233,10
2025-02-19,STP_TVM,F_1046,10
2025-02-19,STP_TVM,F_1164,10
2025-02-19,STP_TVM,F_1156,10
2025-02-19,STP_KKD,F_1104,10
2025-02-19,STP_KKD,F_1092,10
2025-02-19,STP_GVR,F_1233,10
2025-02-19,STP_KCH,F_1224,10
2025-02-20,STP_TVM,F_1046,10
2025-02-20,STP_TVM,F_1164,10
2025-02-20,STP_TVM,F_1156,10
2025-02-20,STP_KKD,F_1104,10
2025-02-20,STP_KKD,F_1092,10
2025-02-20,STP_KCH,F_1224,10
2025-02-20,STP_KCH,F_1244,10
2025-02-20,STP_GVR,F_1233,10
2025-02-21,STP_TVM,F_1046,10
2025-02-21,STP_TVM,F_1164,10
2025-02-21,STP_TVM,F_1156,10
2025-02-21,STP_KKD,F_1104,10
2025-02-21,STP_KKD,F_1092,10
2025-02-21,STP_GVR,F_1233,10
2025-02-21,STP_KCH,F_1224,10
2025-02-22,STP_TVM,F_1046,10
2025-02-22,STP_TVM,F_1164,10
2025-02-22,STP_TVM,F_1156,10
2025-02-22,STP_KKD,F_1104,10
2025-02-22,STP_KKD,F_1092,10
2025-02-22,STP_KCH,F_1224,10
2025-02-22,STP_KCH,F_1244,10
2025-02-22,STP_GVR,F_1233,10
2025-02-23,STP_TVM,F_1046,10
2025-02-23,STP_TVM,F_1164,10
2025-02-23,STP_TVM,F_1008,10
2025-02-23,STP_KKD,F_1104,10
2025-02-23,STP_KKD,F_1092,10
2025-02-23,STP_GVR,F_1233,10
2025-02-23,STP_KCH,F_1224,10
2025-02-24,STP_TVM,F_1046,10
2025-02-24,STP_TVM,F_1008,10
2025-02-24,STP_TVM,F_1164,10
2025-02-24,STP_KKD,F_1104,10
2025-02-24,STP_KKD,F_1092,10
2025-02-24,STP_KCH,F_1224,10
2025-02-24,STP_KCH,F_1244,10
2025-02-24,STP_GVR,F_1233,10
2025-02-25,STP_TVM,F_1046,10
2025-02-25,STP_TVM,F_1008,10
2025-02-25,STP_TVM,F_1164,10
2025-02-25,STP_KKD,F_1104,10
2025-02-25,STP_KKD,F_1092,10
2025-02-25,STP_GVR,F_1233,10
2025-02-25,STP_KCH,F_1224,10
2025-02-26,STP_TVM,F_1046,10
2025-02-26,STP_TVM,F_1008,10
2025-02-26,STP_TVM,F_1164,10
2025-02-26,STP_KKD,F_1104,10
2025-02-26,STP_KKD,F_1092,10
2025-02-26,STP_KCH,F_1224,10
2025-02-26,STP_KCH,F_1244,10
2025-02-26,STP_GVR,F_1233,10
2025-02-27,STP_TVM,F_1046,10
2025-02-27,STP_TVM,F_1008,10
2025-02-27,STP_TVM,F_1164,10
2025-02-27,STP_KKD,F_1104,10
2025-02-27,STP_KKD,F_1092,10
2025-02-27,STP_GVR,F_1233,10
2025-02-27,STP_KCH,F_1224,10
2025-02-28,STP_TVM,F_1046,10
2025-02-28,STP_TVM,F_1008,10
2025-02-28,STP_TVM,F_1069,10
2025-02-28,STP_KKD,F_1104,10
2025-02-28,STP_KKD,F_1092,10
2025-02-28,STP_KCH,F_1224,10
2025-02-28,STP_KCH,F_1244,10
2025-02-28,STP_GVR,F_1233,10
2025-03-01,STP_TVM,F_1008,10
2025-03-01,STP_TVM,F_1069,10
2025-03-01,STP_TVM,F_1164,10
2025-03-01,STP_KKD,F_1104,10
2025-03-01,STP_KKD,F_1092,10
2025-03-01,STP_GVR,F_1233,10
2025-03-01,STP_KCH,F_1224,10
2025-03-02,STP_TVM,F_1008,10
2025-03-02,STP_TVM,F_1069,10
2025-03-02,STP_TVM,F_1245,10
2025-03-02,STP_KKD,F_1104,10
2025-03-02,STP_KKD,F_1092,10
2025-03-02,STP_KCH,F_1244,10
2025-03-02,STP_KCH,F_1224,10
2025-03-02,STP_GVR,F_1233,10
2025-03-03,STP_TVM,F_1008,10
2025-03-03,STP_TVM,F_1069,10
2025-03-03,STP_TVM,F_1245,10
2025-03-03,STP_KKD,F_1104,10
2025-03-03,STP_KKD,F_1092,10
2025-03-03,STP_GVR,F_1233,10
2025-03-03,STP_KCH,F_1244,10
2025-03-04,STP_TVM,F_1008,10
2025-03-04,STP_TVM,F_1069,10
2025-03-04,STP_TVM,F_1245,10
2025-03-04,STP_KKD,F_1104,10
2025-03-04,STP_KKD,F_1092,10
2025-03-04,STP_KCH,F_1244,10
2025-03-04,STP_KCH,F_1147,10
2025-03-04,STP_GVR,F_1233,10
2025-03-05,STP_TVM,F_1069,10
2025-03-05,STP_TVM,F_1008,10
2025-03-05,STP_TVM,F_1245,10
2025-03-05,STP_KKD,F_1104,10
2025-03-05,STP_KKD,F_1092,10
2025-03-05,STP_GVR,F_1233,10
2025-03-05,STP_KCH,F_1244,10
2025-03-06,STP_TVM,F_1069,10
2025-03-06,STP_TVM,F_1245,10
2025-03-06,STP_TVM,F_1008,10
2025-03-06,STP_KKD,F_1104,10
2025-03-06,STP_KKD,F_1092,10
2025-03-06,STP_KCH,F_1244,10
2025-03-06,STP_KCH,F_1147,10
2025-03-06,STP_GVR,F_1233,10
2025-03-07,STP_TVM,F_1046,10
2025-03-07,STP_TVM,F_1069,10
2025-03-07,STP_TVM,F_1245,10
2025-03-07,STP_KKD,F_1104,10
2025-03-07,STP_KKD,F_1092,10
2025-03-07,STP_GVR,F_1233,10
2025-03-07,STP_KCH,F_1244,10
2025-03-08,STP_TVM,F_1046,10
2025-03-08,STP_TVM,F_1008,10
2025-03-08,STP_TVM,F_1164,10
2025-03-08,STP_KKD,F_1104,10
2025-03-08,STP_KKD,F_1092,10
2025-03-08,STP_KCH,F_1244,10
2025-03-08,STP_KCH,F_1147,10
2025-03-08,STP_GVR,F_1108,10
2025-03-09,STP_TVM,F_1046,10
2025-03-09,STP_TVM,F_1008,10
2025-03-09,STP_TVM,F_1164,10
2025-03-09,STP_KKD,F_1104,10
2025-03-09,STP_KKD,F_1092,10
2025-03-09,STP_GVR,F_1108,10
2025-03-09,STP_KCH,F_1244,10
2025-03-10,STP_TVM,F_1069,10
2025-03-10,STP_TVM,F_1046,10
2025-03-10,STP_TVM,F_1245,10
2025-03-10,STP_KKD,F_1104,10
2025-03-10,STP_KKD,F_1092,10
2025-03-10,STP_KCH,F_1244,10
2025-03-10,STP_KCH,F_1147,10
2025-03-10,STP_GVR,F_1233,10
2025-03-11,STP_TVM,F_1069,10
2025-03-11,STP_TVM,F_1245,10
2025-03-11,STP_TVM,F_1046,10
2025-03-11,STP_KKD,F_1104,10
2025-03-11,STP_KKD,F_1096,10
2025-03-11,STP_GVR,F_1233,10
2025-03-11,STP_KCH,F_1244,10
2025-03-12,STP_TVM,F_1069,10
2025-03-12,STP_TVM,F_1245,10
2025-03-12,STP_TVM,F_1046,10
2025-03-12,STP_KKD,F_1104,10
2025-03-12,STP_KKD,F_1096,10
2025-03-12,STP_KCH,F_1244,10
2025-03-12,STP_KCH,F_1147,10
2025-03-12,STP_GVR,F_1233,10
2025-03-13,STP_TVM,F_1069,10
2025-03-13,STP_TVM,F_1245,10
2025-03-13,STP_TVM,F_1046,10
2025-03-13,STP_KKD,F_1104,10
2025-03-13,STP_KKD,F_1096,10
2025-03-13,STP_GVR,F_1233,10
2025-03-13,STP_KCH,F_1244,10
2025-03-14,STP_TVM,F_1069,10
2025-03-14,STP_TVM,F_1245,10
2025-03-14,STP_TVM,F_1046,10
2025-03-14,STP_KKD,F_1104,10
2025-03-14,STP_KKD,F_1096,10
2025-03-14,STP_KCH,F_1244,10
2025-03-14,STP_KCH,F_1147,10
2025-03-14,STP_GVR,F_1233,10
2025-03-15,STP_TVM,F_1069,10
2025-03-15,STP_TVM,F_1245,10
2025-03-15,STP_TVM,F_1046,10
2025-03-15,STP_KKD,F_1104,10
2025-03-15,STP_KKD,F_1096,10
2025-03-15,STP_GVR,F_1233,10
2025-03-15,STP_KCH,F_1244,10
2025-03-16,STP_TVM,F_1069,10
2025-03-16,STP_TVM,F_1245,10
2025-03-16,STP_TVM,F_1046,10
2025-03-16,STP_KKD,F_1104,10
2025-03-16,STP_KKD,F_1096,10
2025-03-16,STP_KCH,F_1244,10
2025-03-16,STP_KCH,F_1072,10
2025-03-16,STP_GVR,F_1233,10
2025-03-17,STP_TVM,F_1069,10
2025-03-17,STP_TVM,F_1245,10
2025-03-17,STP_TVM,F_1046,10
2025-03-17,STP_KKD,F_1104,10
2025-03-17,STP_KKD,F_1096,10
2025-03-17,STP_GVR,F_1233,10
2025-03-17,STP_KCH,F_1244,10
2025-03-18,STP_TVM,F_1069,10
2025-03-18,STP_TVM,F_1245,10
2025-03-18,STP_TVM,F_1046,10
2025-03-18,STP_KKD,F_1104,10
2025-03-18,STP_KKD,F_1096,10
2025-03-18,STP_KCH,F_1244,10
2025-03-18,STP_KCH,F_1072,10
2025-03-18,STP_GVR,F_1233,10
2025-03-19,STP_TVM,F_1069,10
2025-03-19,STP_TVM,F_1245,10
2025-03-19,STP_TVM,F_1156,10
2025-03-19,STP_KKD,F_1104,10
2025-03-19,STP_KKD,F_1096,10
2025-03-19,STP_GVR,F_1233,10
2025-03-19,STP_KCH,F_1244,10
2025-03-20,STP_TVM,F_1069,10
2025-03-20,STP_TVM,F_1245,10
2025-03-20,STP_TVM,F_1156,10
2025-03-20,STP_KKD,F_1104,10
2025-03-20,STP_KKD,F_1096,10
2025-03-20,STP_KCH,F_1244,10
2025-03-20,STP_KCH,F_1072,10
2025-03-20,STP_GVR,F_1233,10
2025-03-21,STP_TVM,F_1069,10
2025-03-21,STP_TVM,F_1245,10
2025-03-21,STP_TVM,F_1156,10
2025-03-21,STP_KKD,F_1104,10
2025-03-21,STP_KKD,F_1096,10
2025-03-21,STP_GVR,F_1233,10
2025-03-21,STP_KCH,F_1244,10
2025-03-22,STP_TVM,F_1069,10
2025-03-22,STP_TVM,F_1245,10
2025-03-22,STP_TVM,F_1156,10
2025-03-22,STP_KKD,F_1104,10
2025-03-22,STP_KKD,F_1096,10
2025-03-22,STP_KCH,F_1244,10
2025-03-22,STP_KCH,F_1072,10
2025-03-22,STP_GVR,F_1233,10
2025-03-23,STP_TVM,F_1069,10
2025-03-23,STP_TVM,F_1245,10
2025-03-23,STP_TVM,F_1156,10
2025-03-23,STP_KKD,F_1104,10
2025-03-23,STP_KKD,F_1096,10
2025-03-23,STP_GVR,F_1233,10
2025-03-23,STP_KCH,F_1244,10
2025-03-24,STP_TVM,F_1069,10
2025-03-24,STP_TVM,F_1245,10
2025-03-24,STP_TVM,F_1156,10
2025-03-24,STP_KKD,F_1104,10
2025-03-24,STP_KKD,F_1096,10
2025-03-24,STP_KCH,F_1244,10
2025-03-24,STP_KCH,F_1072,10
2025-03-24,STP_GVR,F_1233,10
2025-03-25,STP_TVM,F_1069,10
2025-03-25,STP_TVM,F_1245,10
2025-03-25,STP_TVM,F_1156,10
2025-03-25,STP_KKD,F_1104,10
2025-03-25,STP_KKD,F_1096,10
2025-03-25,STP_GVR,F_1233,10
2025-03-25,STP_KCH,F_1244,10
2025-03-26,STP_TVM,F_1069,10
2025-03-26,STP_TVM,F_1245,10
2025-03-26,STP_TVM,F_1156,10
2025-03-26,STP_KKD,F_1104,10
2025-03-26,STP_KKD,F_1096,10
2025-03-26,STP_KCH,F_1244,10
2025-03-26,STP_KCH,F_1072,10
2025-03-26,STP_GVR,F_1233,10
2025-03-27,STP_TVM,F_1069,10
2025-03-27,STP_TVM,F_1245,10
2025-03-27,STP_TVM,F_1156,10
2025-03-27,STP_KKD,F_1104,10
2025-03-27,STP_KKD,F_1096,10
2025-03-27,STP_GVR,F_1233,10
2025-03-27,STP_KCH,F_1244,10
2025-03-28,STP_TVM,F_1156,10
2025-03-28,STP_TVM,F_1164,10
2025-03-28,STP_TVM,F_1088,10
2025-03-28,STP_KKD,F_1104,10
2025-03-28,STP_KKD,F_1096,10
2025-03-28,STP_KCH,F_1244,10
2025-03-28,STP_KCH,F_1072,10
2025-03-28,STP_GVR,F_1108,10
2025-03-29,STP_TVM,F_1156,10
2025-03-29,STP_TVM,F_1164,10
2025-03-29,STP_TVM,F_1088,10
2025-03-29,STP_KKD,F_1104,10
2025-03-29,STP_KKD,F_1096,10
2025-03-29,STP_GVR,F_1108,10
2025-03-29,STP_KCH,F_1244,10
2025-03-30,STP_TVM,F_1069,10
2025-03-30,STP_TVM,F_1245,10
2025-03-30,STP_TVM,F_1156,10
2025-03-30,STP_KKD,F_1104,10
2025-03-30,STP_KKD,F_1096,10
2025-03-30,STP_KCH,F_1072,10
2025-03-30,STP_KCH,F_1244,10
2025-03-30,STP_GVR,F_1233,10
2025-03-31,STP_TVM,F_1069,10
2025-03-31,STP_TVM,F_1245,10
2025-03-31,STP_TVM,F_1156,10
2025-03-31,STP_KKD,F_1104,10
2025-03-31,STP_KKD,F_1096,10
2025-03-31,STP_GVR,F_1233,10
2025-03-31,STP_KCH,F_1099,10
2025-04-01,STP_TVM,F_1069,10
2025-04-01,STP_TVM,F_1245,10
2025-04-01,STP_TVM,F_1070,10
2025-04-01,STP_KKD,F_1206,10
2025-04-01,STP_KKD,F_1101,10
2025-04-01,STP_KCH,F_1099,10
2025-04-01,STP_KCH,F_1071,10
2025-04-01,STP_GVR,F_1233,10
2025-04-02,STP_TVM,F_1069,10
2025-04-02,STP_TVM,F_1245,10
2025-04-02,STP_TVM,F_1070,10
2025-04-02,STP_KKD,F_1206,10
2025-04-02,STP_KKD,F_1101,10
2025-04-02,STP_GVR,F_1233,10
2025-04-02,STP_KCH,F_1099,10
2025-04-03,STP_TVM,F_1069,10
2025-04-03,STP_TVM,F_1245,10
2025-04-03,STP_TVM,F_1070,10
2025-04-03,STP_KKD,F_1206,10
2025-04-03,STP_KKD,F_1101,10
2025-04-03,STP_KCH,F_1099,10
2025-04-03,STP_KCH,F_1071,10
2025-04-03,STP_GVR,F_1233,10
2025-04-04,STP_TVM,F_1069,10
2025-04-04,STP_TVM,F_1245,10
2025-04-04,STP_TVM,F_1223,10
2025-04-04,STP_KKD,F_1101,10
2025-04-04,STP_KKD,F_1095,10
2025-04-04,STP_GVR,F_1037,10
2025-04-04,STP_KCH,F_1099,10
2025-04-05,STP_TVM,F_1069,10
2025-04-05,STP_TVM,F_1156,10
2025-04-05,STP_TVM,F_1164,10
2025-04-05,STP_KKD,F_1096,10
2025-04-05,STP_KKD,F_1101,10
2025-04-05,STP_KCH,F_1072,10
2025-04-05,STP_KCH,F_1244,10
2025-04-05,STP_GVR,F_1056,10
2025-04-06,STP_TVM,F_1069,10
2025-04-06,STP_TVM,F_1245,10
2025-04-06,STP_TVM,F_1105,10
2025-04-06,STP_KKD,F_1101,10
2025-04-06,STP_KKD,F_1197,10
2025-04-06,STP_GVR,F_1037,10
2025-04-06,STP_KCH,F_1021,10
2025-04-07,STP_TVM,F_1069,10
2025-04-07,STP_TVM,F_1245,10
2025-04-07,STP_TVM,F_1105,10
2025-04-07,STP_KKD,F_1101,10
2025-04-07,STP_KKD,F_1197,10
2025-04-07,STP_KCH,F_1021,10
2025-04-07,STP_KCH,F_1037,10
2025-04-07,STP_GVR,F_1233,10
2025-04-08,STP_TVM,F_1069,10
2025-04-08,STP_TVM,F_1245,10
2025-04-08,STP_TVM,F_1105,10
2025-04-08,STP_KKD,F_1101,10
2025-04-08,STP_KKD,F_1197,10
2025-04-08,STP_GVR,F_1037,10
2025-04-08,STP_KCH,F_1021,10
2025-04-09,STP_TVM,F_1069,10
2025-04-09,STP_TVM,F_1245,10
2025-04-09,STP_TVM,F_1105,10
2025-04-09,STP_KKD,F_1101,10
2025-04-09,STP_KKD,F_1197,10
2025-04-09,STP_KCH,F_1021,10
2025-04-09,STP_KCH,F_1249,10
2025-04-09,STP_GVR,F_1037,10
2025-04-10,STP_TVM,F_1069,10
2025-04-10,STP_TVM,F_1245,10
2025-04-10,STP_TVM,F_1105,10
2025-04-10,STP_KKD,F_1101,10
2025-04-10,STP_KKD,F_1197,10
2025-04-10,STP_GVR,F_1037,10
2025-04-10,STP_KCH,F_1021,10
2025-04-11,STP_TVM,F_1156,10
2025-04-11,STP_TVM,F_1069,10
2025-04-11,STP_TVM,F_1164,10
2025-04-11,STP_KKD,F_1096,10
2025-04-11,STP_KKD,F_1101,10
2025-04-11,STP_KCH,F_1072,10
2025-04-11,STP_KCH,F_1208,10
2025-04-11,STP_GVR,F_1056,10
2025-04-12,STP_TVM,F_1156,10
2025-04-12,STP_TVM,F_1069,10
2025-04-12,STP_TVM,F_1164,10
2025-04-12,STP_KKD,F_1096,10
2025-04-12,STP_KKD,F_1101,10
2025-04-12,STP_GVR,F_1056,10
2025-04-12,STP_KCH,F_1208,10
2025-04-13,STP_TVM,F_1156,10
2025-04-13,STP_TVM,F_1164,10
2025-04-13,STP_TVM,F_1088,10
2025-04-13,STP_KKD,F_1096,10
2025-04-13,STP_KKD,F_1095,10
2025-04-13,STP_KCH,F_1099,10
2025-04-13,STP_KCH,F_1208,10
2025-04-13,STP_GVR,F_1056,10
2025-04-14,STP_TVM,F_1156,10
2025-04-14,STP_TVM,F_1164,10
2025-04-14,STP_TVM,F_1088,10
2025-04-14,STP_KKD,F_1096,10
2025-04-14,STP_KKD,F_1101,10
2025-04-14,STP_GVR,F_1056,10
2025-04-14,STP_KCH,F_1208,10
2025-04-15,STP_TVM,F_1156,10
2025-04-15,STP_TVM,F_1088,10
2025-04-15,STP_TVM,F_1164,10
2025-04-15,STP_KKD,F_1096,10
2025-04-15,STP_KKD,F_1101,10
2025-04-15,STP_KCH,F_1208,10
2025-04-15,STP_KCH,F_1072,10
2025-04-15,STP_GVR,F_1056,10
2025-04-16,STP_TVM,F_1156,10
2025-04-16,STP_TVM,F_1070,10
2025-04-16,STP_TVM,F_1088,10
2025-04-16,STP_KKD,F_1206,10
2025-04-16,STP_KKD,F_1096,10
2025-04-16,STP_GVR,F_1056,10
2025-04-16,STP_KCH,F_1086,10
2025-04-17,STP_TVM,F_1156,10
2025-04-17,STP_TVM,F_1070,10
2025-04-17,STP_TVM,F_1088,10
2025-04-17,STP_KKD,F_1206,10
2025-04-17,STP_KKD,F_1096,10
2025-04-17,STP_KCH,F_1086,10
2025-04-17,STP_KCH,F_1208,10
2025-04-17,STP_GVR,F_1056,10
2025-04-18,STP_TVM,F_1156,10
2025-04-18,STP_TVM,F_1070,10
2025-04-18,STP_TVM,F_1088,10
2025-04-18,STP_KKD,F_1206,10
2025-04-18,STP_KKD,F_1096,10
2025-04-18,STP_GVR,F_1056,10
2025-04-18,STP_KCH,F_1086,10
2025-04-19,STP_TVM,F_1156,10
2025-04-19,STP_TVM,F_1088,10
2025-04-19,STP_TVM,F_1164,10
2025-04-19,STP_KKD,F_1096,10
2025-04-19,STP_KKD,F_1095,10
2025-04-19,STP_KCH,F_1099,10
2025-04-19,STP_KCH,F_1208,10
2025-04-19,STP_GVR,F_1056,10
2025-04-20,STP_TVM,F_1156,10
2025-04-20,STP_TVM,F_1088,10
2025-04-20,STP_TVM,F_1164,10
2025-04-20,STP_KKD,F_1096,10
2025-04-20,STP_KKD,F_1095,10
2025-04-20,STP_GVR,F_1056,10
2025-04-20,STP_KCH,F_1099,10
2025-04-21,STP_TVM,F_1156,10
2025-04-21,STP_TVM,F_1088,10
2025-04-21,STP_TVM,F_1164,10
2025-04-21,STP_KKD,F_1096,10
2025-04-21,STP_KKD,F_1095,10
2025-04-21,STP_KCH,F_1099,10
2025-04-21,STP_KCH,F_1208,10
2025-04-21,STP_GVR,F_1056,10
2025-04-22,STP_TVM,F_1156,10
2025-04-22,STP_TVM,F_1088,10
2025-04-22,STP_TVM,F_1164,10
2025-04-22,STP_KKD,F_1096,10
2025-04-22,STP_KKD,F_1095,10
2025-04-22,STP_GVR,F_1056,10
2025-04-22,STP_KCH,F_1099,10
2025-04-23,STP_TVM,F_1069,10
2025-04-23,STP_TVM,F_1105,10
2025-04-23,STP_TVM,F_1221,10
2025-04-23,STP_KKD,F_1095,10
2025-04-23,STP_KKD,F_1197,10
2025-04-23,STP_KCH,F_1099,10
2025-04-23,STP_KCH,F_1187,10
2025-04-23,STP_GVR,F_1233,10
2025-04-24,STP_TVM,F_1070,10
2025-04-24,STP_TVM,F_1069,10
2025-04-24,STP_TVM,F_1105,10
2025-04-24,STP_KKD,F_1206,10
2025-04-24,STP_KKD,F_1095,10
2025-04-24,STP_GVR,F_1233,10
2025-04-24,STP_KCH,F_1099,10
2025-04-25,STP_TVM,F_1070,10
2025-04-25,STP_TVM,F_1105,10
2025-04-25,STP_TVM,F_1069,10
2025-04-25,STP_KKD,F_1206,10
2025-04-25,STP_KKD,F_1095,10
2025-04-25,STP_KCH,F_1099,10
2025-04-25,STP_KCH,F_1086,10
2025-04-25,STP_GVR,F_1233,10
2025-04-26,STP_TVM,F_1070,10
2025-04-26,STP_TVM,F_1105,10
2025-04-26,STP_TVM,F_1069,10
2025-04-26,STP_KKD,F_1206,10
2025-04-26,STP_KKD,F_1095,10
2025-04-26,STP_GVR,F_1233,10
2025-04-26,STP_KCH,F_1099,10
2025-04-27,STP_TVM,F_1070,10
2025-04-27,STP_TVM,F_1105,10
2025-04-27,STP_TVM,F_1069,10
2025-04-27,STP_KKD,F_1206,10
2025-04-27,STP_KKD,F_1095,10
2025-04-27,STP_KCH,F_1086,10
2025-04-27,STP_KCH,F_1099,10
2025-04-27,STP_GVR,F_1233,10
2025-04-28,STP_TVM,F_1156,10
2025-04-28,STP_TVM,F_1088,10
2025-04-28,STP_TVM,F_1164,10
2025-04-28,STP_KKD,F_1095,10
2025-04-28,STP_KKD,F_1197,10
2025-04-28,STP_GVR,F_1056,10
2025-04-28,STP_KCH,F_1099,10
2025-05-07,STP_TVM,F_1087,10
2025-05-07,STP_TVM,F_1163,10
2025-05-07,STP_TVM,F_1223,10
2025-05-07,STP_TVM,F_1119,10
2025-05-07,STP_TVM,F_1055,10
2025-05-07,STP_TVM,F_1091,10
2025-05-07,STP_TVM,F_1139,10
2025-05-07,STP_TVM,F_1047,10
2025-05-07,STP_TVM,F_1235,10
2025-05-07,STP_TVM,F_1195,10
2025-05-07,STP_TVM,F_1179,10
2025-05-07,STP_TVM,F_1011,10
2025-05-07,STP_TVM,F_1167,10
2025-05-07,STP_TVM,F_1035,10
2025-05-07,STP_TVM,F_1155,10
2025-05-07,STP_TVM,F_1127,10
2025-05-07,STP_TVM,F_1231,10
2025-05-07,STP_TVM,F_1123,10
2025-05-07,STP_TVM,F_1143,10
2025-05-07,STP_TVM,F_1107,10
2025-05-07,STP_TVM,F_1027,10
2025-05-07,STP_TVM,F_1211,10
2025-05-07,STP_TVM,F_1031,10
2025-05-07,STP_TVM,F_1131,10
2025-05-07,STP_TVM,F_1175,10
2025-05-07,STP_TVM,F_1083,10
2025-05-07,STP_TVM,F_1103,10
2025-05-07,STP_KKD,F_1095,10
2025-05-07,STP_KKD,F_1023,10
2025-05-07,STP_KKD,F_1239,10
2025-05-07,STP_KKD,F_1059,10
2025-05-07,STP_KKD,F_1203,10
2025-05-07,STP_KKD,F_1199,10
2025-05-07,STP_KKD,F_1243,10
2025-05-07,STP_KKD,F_1135,10
2025-05-07,STP_KKD,F_1019,10
2025-05-07,STP_KKD,F_1075,10
2025-05-07,STP_KKD,F_1115,10
2025-05-07,STP_KKD,F_1191,10
2025-05-07,STP_KKD,F_1063,10
2025-05-07,STP_KKD,F_1207,10
2025-05-07,STP_KKD,F_1171,10
2025-05-07,STP_KKD,F_1051,10
2025-05-07,STP_KKD,F_1099,10
2025-05-07,STP_KKD,F_1151,10
2025-05-07,STP_KCH,F_1187,10
2025-05-07,STP_KCH,F_1039,10
2025-05-07,STP_KCH,F_1099,10
2025-05-07,STP_KCH,F_1067,10
2025-05-07,STP_KCH,F_1071,10
2025-05-07,STP_KCH,F_1147,10
2025-05-07,STP_KCH,F_1175,10
2025-05-07,STP_KCH,F_1231,10
2025-05-07,STP_KCH,F_1115,10
2025-05-07,STP_KCH,F_1051,10
2025-05-07,STP_KCH,F_1211,10
2025-05-07,STP_KCH,F_1027,10
2025-05-07,STP_KCH,F_1107,10
2025-05-07,STP_KCH,F_1011,10
2025-05-07,STP_GVR,F_1115,10
2025-05-07,STP_GVR,F_1023,10
2025-05-07,STP_GVR,F_1099,10
2025-05-07,STP_GVR,F_1019,10
2025-05-07,STP_GVR,F_1071,10
2025-05-07,STP_GVR,F_1187,10
2025-05-07,STP_GVR,F_1147,10
2025-05-07,STP_GVR,F_1051,10
2025-05-07,STP_GVR,F_1243,10
2025-05-08,STP_TVM,F_1087,10
2025-05-08,STP_TVM,F_1163,10
2025-05-08,STP_TVM,F_1223,10
2025-05-08,STP_KKD,F_1095,10
2025-05-08,STP_KKD,F_1023,10
2025-05-08,STP_GVR,F_1115,10
2025-05-08,STP_KCH,F_1099,10
2025-05-09,STP_TVM,F_1156,10
2025-05-09,STP_TVM,F_1088,10
2025-05-09,STP_TVM,F_1164,10
2025-05-09,STP_KKD,F_1197,10
2025-05-09,STP_KKD,F_1177,10
2025-05-09,STP_KCH,F_1208,10
2025-05-09,STP_KCH,F_1144,10
2025-05-09,STP_GVR,F_1248,10
2025-05-10,STP_TVM,F_1105,10
2025-05-10,STP_TVM,F_1221,10
2025-05-10,STP_TVM,F_1069,10
2025-05-10,STP_KKD,F_1197,10
2025-05-10,STP_KKD,F_1177,10
2025-05-10,STP_GVR,F_1233,10
2025-05-10,STP_KCH,F_1021,10
2025-05-11,STP_TVM,F_1156,10
2025-05-11,STP_TVM,F_1088,10
2025-05-11,STP_TVM,F_1164,10
2025-05-11,STP_KKD,F_1096,10
2025-05-11,STP_KKD,F_1104,10
2025-05-11,STP_KCH,F_1208,10
2025-05-11,STP_KCH,F_1144,10
2025-05-11,STP_GVR,F_1248,10
2025-05-12,STP_TVM,F_1105,10
2025-05-12,STP_TVM,F_1221,10
2025-05-12,STP_TVM,F_1069,10
2025-05-12,STP_KKD,F_1197,10
2025-05-12,STP_KKD,F_1177,10
2025-05-12,STP_GVR,F_1233,10
2025-05-12,STP_KCH,F_1021,10
2025-05-13,STP_TVM,F_1105,10
2025-05-13,STP_TVM,F_1221,10
2025-05-13,STP_TVM,F_1069,10
2025-05-13,STP_KKD,F_1197,10
2025-05-13,STP_KKD,F_1177,10
2025-05-13,STP_KCH,F_1249,10
2025-05-13,STP_KCH,F_1021,10
2025-05-13,STP_GVR,F_1233,10
2025-05-14,STP_TVM,F_1105,10
2025-05-14,STP_TVM,F_1221,10
2025-05-14,STP_TVM,F_1069,10
2025-05-14,STP_KKD,F_1095,10
2025-05-14,STP_KKD,F_1197,10
2025-05-14,STP_GVR,F_1233,10
2025-05-14,STP_KCH,F_1187,10
2025-05-16,STP_TVM,F_1105,10
2025-05-16,STP_TVM,F_1221,10
2025-05-16,STP_TVM,F_1069,10
2025-05-16,STP_TVM,F_1245,10
2025-05-16,STP_TVM,F_1141,10
2025-05-16,STP_TVM,F_1129,10
2025-05-16,STP_KKD,F_1197,10
2025-05-16,STP_KKD,F_1177,10
2025-05-16,STP_KKD,F_1229,10
2025-05-16,STP_KKD,F_1101,10
2025-05-16,STP_KCH,F_1161,10
2025-05-16,STP_KCH,F_1249,10
2025-05-16,STP_KCH,F_1021,10
2025-05-16,STP_GVR,F_1233,10
2025-05-16,STP_GVR,F_1033,10
2025-05-20,STP_TVM,F_1087,10
2025-05-20,STP_TVM,F_1163,10
2025-05-20,STP_TVM,F_1119,10
2025-05-20,STP_TVM,F_1055,10
2025-05-20,STP_TVM,F_1223,10
2025-05-20,STP_TVM,F_1091,10
2025-05-20,STP_TVM,F_1047,10
2025-05-20,STP_TVM,F_1139,10
2025-05-20,STP_TVM,F_1195,10
2025-05-20,STP_TVM,F_1179,10
2025-05-20,STP_TVM,F_1167,10
2025-05-20,STP_TVM,F_1235,10
2025-05-20,STP_KKD,F_1095,10
2025-05-20,STP_KKD,F_1023,10
2025-05-20,STP_KKD,F_1239,10
2025-05-20,STP_KKD,F_1059,10
2025-05-20,STP_KKD,F_1203,10
2025-05-20,STP_KKD,F_1199,10
2025-05-20,STP_KKD,F_1243,10
2025-05-20,STP_KKD,F_1135,10
2025-05-20,STP_KCH,F_1187,10
2025-05-20,STP_KCH,F_1099,10
2025-05-20,STP_KCH,F_1039,10
2025-05-20,STP_KCH,F_1067,10
2025-05-20,STP_KCH,F_1231,10
2025-05-20,STP_KCH,F_1051,10
2025-05-20,STP_GVR,F_1115,10
2025-05-20,STP_GVR,F_1019,10
2025-05-20,STP_GVR,F_1023,10
2025-05-20,STP_GVR,F_1099,10
2025-05-21,STP_TVM,F_1087,10
2025-05-21,STP_TVM,F_1163,10
2025-05-21,STP_TVM,F_1055,10
2025-05-21,STP_KKD,F_1095,10
2025-05-21,STP_KKD,F_1023,10
2025-05-21,STP_KCH,F_1187,10
2025-05-21,STP_KCH,F_1099,10
2025-05-21,STP_GVR,F_1115,10
2025-05-22,STP_TVM,F_1105,10
2025-05-22,STP_TVM,F_1221,10
2025-05-22,STP_TVM,F_1069,10
2025-05-22,STP_KKD,F_1197,10
2025-05-22,STP_KKD,F_1095,10
2025-05-22,STP_GVR,F_1233,10
2025-05-22,STP_KCH,F_1187,10
2025-05-23,STP_TVM,F_1156,10
2025-05-23,STP_TVM,F_1088,10
2025-05-23,STP_TVM,F_1164,10
2025-05-23,STP_KKD,F_1197,10
2025-05-23,STP_KKD,F_1095,10
2025-05-23,STP_KCH,F_1208,10
2025-05-23,STP_KCH,F_1187,10
2025-05-23,STP_GVR,F_1248,10
2025-05-24,STP_TVM,F_1156,10
2025-05-24,STP_TVM,F_1088,10
2025-05-24,STP_TVM,F_1164,10
2025-05-24,STP_KKD,F_1197,10
2025-05-24,STP_KKD,F_1095,10
2025-05-24,STP_GVR,F_1248,10
2025-05-24,STP_KCH,F_1208,10
2025-05-25,STP_TVM,F_1105,10
2025-05-25,STP_TVM,F_1221,10
2025-05-25,STP_TVM,F_1069,10
2025-05-25,STP_KKD,F_1197,10
2025-05-25,STP_KKD,F_1177,10
2025-05-25,STP_KCH,F_1161,10
2025-05-25,STP_KCH,F_1249,10
2025-05-25,STP_GVR,F_1233,10
2025-05-26,STP_TVM,F_1105,10
2025-05-26,STP_TVM,F_1221,10
2025-05-26,STP_TVM,F_1069,10
2025-05-26,STP_KKD,F_1197,10
2025-05-26,STP_KKD,F_1229,10
2025-05-26,STP_GVR,F_1233,10
2025-05-26,STP_KCH,F_1161,10
2025-05-27,STP_TVM,F_1105,10
2025-05-27,STP_TVM,F_1221,10
2025-05-27,STP_TVM,F_1069,10
2025-05-27,STP_KKD,F_1197,10
2025-05-27,STP_KKD,F_1229,10
2025-05-27,STP_KCH,F_1161,10
2025-05-27,STP_KCH,F_1193,10
2025-05-27,STP_GVR,F_1233,10
2025-06-10,STP_TVM,F_1105,10
2025-06-10,STP_TVM,F_1221,10
2025-06-10,STP_TVM,F_1069,10
2025-06-10,STP_TVM,F_1141,10
2025-06-10,STP_TVM,F_1217,10
2025-06-10,STP_TVM,F_1245,10
2025-06-10,STP_TVM,F_1129,10
2025-06-10,STP_TVM,F_1137,10
2025-06-10,STP_TVM,F_1173,10
2025-06-10,STP_TVM,F_1189,10
2025-06-10,STP_TVM,F_1133,10
2025-06-10,STP_TVM,F_1209,10
2025-06-10,STP_TVM,F_1145,10
2025-06-10,STP_TVM,F_1185,10
2025-06-10,STP_TVM,F_1005,10
2025-06-10,STP_TVM,F_1061,10
2025-06-10,STP_TVM,F_1165,10
2025-06-10,STP_TVM,F_1157,10
2025-06-10,STP_TVM,F_1161,10
2025-06-10,STP_TVM,F_1237,10
2025-06-10,STP_TVM,F_1193,10
2025-06-10,STP_TVM,F_1065,10
2025-06-10,STP_TVM,F_1021,10
2025-06-10,STP_TVM,F_1009,10
2025-06-10,STP_TVM,F_1049,10
2025-06-10,STP_TVM,F_1093,10
2025-06-10,STP_TVM,F_1085,10
2025-06-10,STP_TVM,F_1053,10
2025-06-10,STP_TVM,F_1205,10
2025-06-10,STP_TVM,F_1249,10
2025-06-10,STP_TVM,F_1073,10
2025-06-10,STP_TVM,F_1037,10
2025-06-10,STP_TVM,F_1033,10
2025-06-10,STP_TVM,F_1045,10
2025-06-10,STP_TVM,F_1233,10
2025-06-10,STP_TVM,F_1025,10
2025-06-10,STP_TVM,F_1229,10
2025-06-10,STP_TVM,F_1001,10
2025-06-10,STP_TVM,F_1169,10
2025-06-10,STP_TVM,F_1177,10
2025-06-10,STP_TVM,F_1097,10
2025-06-10,STP_TVM,F_1197,10
2025-06-10,STP_KKD,F_1197,10
2025-06-10,STP_KKD,F_1177,10
2025-06-10,STP_KKD,F_1229,10
2025-06-10,STP_KKD,F_1101,10
2025-06-10,STP_KKD,F_1025,10
2025-06-10,STP_KKD,F_1113,10
2025-06-10,STP_KKD,F_1033,10
2025-06-10,STP_KKD,F_1081,10
2025-06-10,STP_KKD,F_1213,10
2025-06-10,STP_KKD,F_1233,10
2025-06-10,STP_KKD,F_1029,10
2025-06-10,STP_KKD,F_1041,10
2025-06-10,STP_KKD,F_1001,10
2025-06-10,STP_KKD,F_1013,10
2025-06-10,STP_KKD,F_1037,10
2025-06-10,STP_KKD,F_1241,10
2025-06-10,STP_KKD,F_1057,10
2025-06-10,STP_KKD,F_1249,10
2025-06-10,STP_KKD,F_1089,10
2025-06-10,STP_KKD,F_1073,10
2025-06-10,STP_KKD,F_1117,10
2025-06-10,STP_KKD,F_1097,10
2025-06-10,STP_KKD,F_1153,10
2025-06-10,STP_KKD,F_1205,10
2025-06-10,STP_KKD,F_1017,10
2025-06-10,STP_KKD,F_1077,10
2025-06-10,STP_KKD,F_1125,10
2025-06-10,STP_KKD,F_1121,10
2025-06-10,STP_KCH,F_1021,10
2025-06-10,STP_KCH,F_1161,10
2025-06-10,STP_KCH,F_1249,10
2025-06-10,STP_KCH,F_1193,10
2025-06-10,STP_KCH,F_1037,10
2025-06-10,STP_KCH,F_1205,10
2025-06-10,STP_KCH,F_1237,10
2025-06-10,STP_KCH,F_1085,10
2025-06-10,STP_KCH,F_1233,10
2025-06-10,STP_KCH,F_1209,10
2025-06-10,STP_KCH,F_1073,10
2025-06-10,STP_KCH,F_1157,10
2025-06-10,STP_KCH,F_1061,10
2025-06-10,STP_KCH,F_1005,10
2025-06-10,STP_KCH,F_1145,10
2025-06-10,STP_KCH,F_1165,10
2025-06-10,STP_KCH,F_1033,10
2025-06-10,STP_KCH,F_1189,10
2025-06-10,STP_KCH,F_1001,10
2025-06-10,STP_KCH,F_1229,10
2025-06-10,STP_KCH,F_1133,10
2025-06-10,STP_GVR,F_1233,10
2025-06-10,STP_GVR,F_1249,10
2025-06-10,STP_GVR,F_1037,10
2025-06-10,STP_GVR,F_1229,10
2025-06-10,STP_GVR,F_1033,10
2025-06-10,STP_GVR,F_1025,10
2025-06-10,STP_GVR,F_1073,10
2025-06-10,STP_GVR,F_1177,10
2025-06-10,STP_GVR,F_1001,10
2025-06-10,STP_GVR,F_1205,10
2025-06-10,STP_GVR,F_1197,10
2025-06-10,STP_GVR,F_1021,10
2025-06-10,STP_GVR,F_1161,10
2025-06-10,STP_GVR,F_1193,10
2025-06-12,STP_TVM,F_1105,10
2025-06-12,STP_TVM,F_1221,10
2025-06-12,STP_TVM,F_1069,10
2025-06-12,STP_TVM,F_1141,10
2025-06-12,STP_TVM,F_1217,10
2025-06-12,STP_TVM,F_1245,10
2025-06-12,STP_KKD,F_1197,10
2025-06-12,STP_KKD,F_1229,10
2025-06-12,STP_KKD,F_1177,10
2025-06-12,STP_KKD,F_1025,10
2025-06-12,STP_KCH,F_1161,10
2025-06-12,STP_KCH,F_1193,10
2025-06-12,STP_KCH,F_1205,10
2025-06-12,STP_GVR,F_1233,10
2025-06-12,STP_GVR,F_1033,10
2025-06-20,STP_TVM,F_1105,10
2025-06-20,STP_TVM,F_1221,10
2025-06-20,STP_TVM,F_1069,10
2025-06-20,STP_TVM,F_1141,10
2025-06-20,STP_TVM,F_1137,10
2025-06-20,STP_TVM,F_1217,10
2025-06-20,STP_TVM,F_1245,10
2025-06-20,STP_TVM,F_1129,10
2025-06-20,STP_TVM,F_1173,10
2025-06-20,STP_TVM,F_1189,10
2025-06-20,STP_TVM,F_1209,10
2025-06-20,STP_TVM,F_1133,10
2025-06-20,STP_TVM,F_1145,10
2025-06-20,STP_TVM,F_1185,10
2025-06-20,STP_TVM,F_1005,10
2025-06-20,STP_TVM,F_1061,10
2025-06-20,STP_TVM,F_1165,10
2025-06-20,STP_TVM,F_1157,10
2025-06-20,STP_TVM,F_1161,10
2025-06-20,STP_TVM,F_1237,10
2025-06-20,STP_TVM,F_1193,10
2025-06-20,STP_TVM,F_1065,10
2025-06-20,STP_TVM,F_1021,10
2025-06-20,STP_TVM,F_1009,10
2025-06-20,STP_KKD,F_1197,10
2025-06-20,STP_KKD,F_1229,10
2025-06-20,STP_KKD,F_1025,10
2025-06-20,STP_KKD,F_1177,10
2025-06-20,STP_KKD,F_1101,10
2025-06-20,STP_KKD,F_1033,10
2025-06-20,STP_KKD,F_1113,10
2025-06-20,STP_KKD,F_1233,10
2025-06-20,STP_KKD,F_1213,10
2025-06-20,STP_KKD,F_1081,10
2025-06-20,STP_KKD,F_1029,10
2025-06-20,STP_KKD,F_1001,10
2025-06-20,STP_KKD,F_1013,10
2025-06-20,STP_KKD,F_1041,10
2025-06-20,STP_KKD,F_1205,10
2025-06-20,STP_KKD,F_1037,10
2025-06-20,STP_KCH,F_1249,10
2025-06-20,STP_KCH,F_1021,10
2025-06-20,STP_KCH,F_1161,10
2025-06-20,STP_KCH,F_1193,10
2025-06-20,STP_KCH,F_1037,10
2025-06-20,STP_KCH,F_1205,10
2025-06-20,STP_KCH,F_1237,10
2025-06-20,STP_KCH,F_1085,10
2025-06-20,STP_KCH,F_1073,10
2025-06-20,STP_KCH,F_1233,10
2025-06-20,STP_KCH,F_1209,10
2025-06-20,STP_KCH,F_1157,10
2025-06-20,STP_GVR,F_1233,10
2025-06-20,STP_GVR,F_1249,10
2025-06-20,STP_GVR,F_1037,10
2025-06-20,STP_GVR,F_1229,10
2025-06-20,STP_GVR,F_1033,10
2025-06-20,STP_GVR,F_1025,10
2025-06-20,STP_GVR,F_1073,10
2025-06-20,STP_GVR,F_1177,10
2025-07-17,STP_TVM,F_1156,10
2025-07-17,STP_TVM,F_1088,10
2025-07-17,STP_TVM,F_1164,10
2025-07-17,STP_TVM,F_1176,10
2025-07-17,STP_TVM,F_1064,10
2025-07-17,STP_TVM,F_1008,10
2025-07-17,STP_TVM,F_1216,10
2025-07-17,STP_TVM,F_1180,10
2025-07-17,STP_TVM,F_1116,10
2025-07-17,STP_TVM,F_1020,10
2025-07-17,STP_TVM,F_1048,10
2025-07-17,STP_TVM,F_1068,10
2025-07-17,STP_TVM,F_1040,10
2025-07-17,STP_TVM,F_1032,10
2025-07-17,STP_TVM,F_1036,10
2025-07-17,STP_TVM,F_1080,10
2025-07-17,STP_TVM,F_1004,10
2025-07-17,STP_TVM,F_1000,10
2025-07-17,STP_TVM,F_1184,10
2025-07-17,STP_TVM,F_1208,10
2025-07-17,STP_TVM,F_1188,10
2025-07-17,STP_TVM,F_1144,10
2025-07-17,STP_TVM,F_1196,10
2025-07-17,STP_TVM,F_1224,10
2025-07-17,STP_TVM,F_1072,10
2025-07-17,STP_TVM,F_1244,10
2025-07-17,STP_TVM,F_1024,10
2025-07-17,STP_TVM,F_1172,10
2025-07-17,STP_TVM,F_1112,10
2025-07-17,STP_TVM,F_1052,10
2025-07-17,STP_TVM,F_1108,10
2025-07-17,STP_TVM,F_1140,10
2025-07-17,STP_TVM,F_1100,10
2025-07-17,STP_TVM,F_1056,10
2025-07-17,STP_TVM,F_1248,10
2025-07-17,STP_TVM,F_1168,10
2025-07-17,STP_TVM,F_1212,10
2025-07-17,STP_TVM,F_1084,10
2025-07-17,STP_TVM,F_1228,10
2025-07-17,STP_TVM,F_1104,10
2025-07-17,STP_TVM,F_1240,10
2025-07-17,STP_TVM,F_1220,10
2025-07-17,STP_TVM,F_1092,10
2025-07-17,STP_TVM,F_1132,10
2025-07-17,STP_TVM,F_1096,10
2025-07-17,STP_TVM,F_1232,10
2025-07-17,STP_TVM,F_1028,10
2025-07-17,STP_TVM,F_1124,10
2025-07-17,STP_TVM,F_1060,10
2025-07-17,STP_TVM,F_1016,10
2025-07-17,STP_TVM,F_1160,10
2025-07-17,STP_TVM,F_1136,10
2025-07-17,STP_TVM,F_1204,10
2025-07-17,STP_TVM,F_1192,10
2025-07-17,STP_TVM,F_1012,10
2025-07-17,STP_TVM,F_1120,10
2025-07-17,STP_TVM,F_1236,10
2025-07-17,STP_TVM,F_1044,10
2025-07-17,STP_TVM,F_1076,10
2025-07-17,STP_TVM,F_1148,10
2025-07-17,STP_TVM,F_1200,10
2025-07-17,STP_TVM,F_1152,10
2025-07-17,STP_TVM,F_1128,10
2025-07-17,STP_KKD,F_1104,10
2025-07-17,STP_KKD,F_1096,10
2025-07-17,STP_KKD,F_1132,10
2025-07-17,STP_KKD,F_1092,10
2025-07-17,STP_KKD,F_1248,10
2025-07-17,STP_KKD,F_1124,10
2025-07-17,STP_KKD,F_1108,10
2025-07-17,STP_KKD,F_1016,10
2025-07-17,STP_KKD,F_1060,10
2025-07-17,STP_KKD,F_1220,10
2025-07-17,STP_KKD,F_1112,10
2025-07-17,STP_KKD,F_1056,10
2025-07-17,STP_KKD,F_1240,10
2025-07-17,STP_KKD,F_1028,10
2025-07-17,STP_KKD,F_1100,10
2025-07-17,STP_KKD,F_1012,10
2025-07-17,STP_KKD,F_1172,10
2025-07-17,STP_KKD,F_1168,10
2025-07-17,STP_KKD,F_1052,10
2025-07-17,STP_KKD,F_1236,10
2025-07-17,STP_KKD,F_1120,10
2025-07-17,STP_KKD,F_1128,10
2025-07-17,STP_KKD,F_1228,10
2025-07-17,STP_KKD,F_1232,10
2025-07-17,STP_KKD,F_1212,10
2025-07-17,STP_KKD,F_1152,10
2025-07-17,STP_KKD,F_1160,10
2025-07-17,STP_KKD,F_1192,10
2025-07-17,STP_KKD,F_1208,10
2025-07-17,STP_KKD,F_1136,10
2025-07-17,STP_KKD,F_1044,10
2025-07-17,STP_KKD,F_1024,10
2025-07-17,STP_KKD,F_1244,10
2025-07-17,STP_KKD,F_1144,10
2025-07-17,STP_KKD,F_1084,10
2025-07-17,STP_KKD,F_1072,10
2025-07-17,STP_KKD,F_1140,10
2025-07-17,STP_KKD,F_1224,10
2025-07-17,STP_KKD,F_1200,10
2025-07-17,STP_KKD,F_1204,10
2025-07-17,STP_KKD,F_1184,10
2025-07-17,STP_KKD,F_1076,10
2025-07-17,STP_KKD,F_1148,10
2025-07-17,STP_KKD,F_1068,10
2025-07-17,STP_KKD,F_1188,10
2025-07-17,STP_KKD,F_1040,10
2025-07-17,STP_KKD,F_1000,10
2025-07-17,STP_KKD,F_1196,10
2025-07-17,STP_KKD,F_1004,10
2025-07-17,STP_KKD,F_1080,10
2025-07-17,STP_KKD,F_1048,10
2025-07-17,STP_KKD,F_1032,10
2025-07-17,STP_KKD,F_1180,10
2025-07-17,STP_KKD,F_1020,10
2025-07-17,STP_KCH,F_1208,10
2025-07-17,STP_KCH,F_1244,10
2025-07-17,STP_KCH,F_1072,10
2025-07-17,STP_KCH,F_1144,10
2025-07-17,STP_KCH,F_1224,10
2025-07-17,STP_KCH,F_1172,10
2025-07-17,STP_KCH,F_1184,10
2025-07-17,STP_KCH,F_1056,10
2025-07-17,STP_KCH,F_1112,10
2025-07-17,STP_KCH,F_1068,10
2025-07-17,STP_KCH,F_1052,10
2025-07-17,STP_KCH,F_1040,10
2025-07-17,STP_KCH,F_1108,10
2025-07-17,STP_KCH,F_1080,10
2025-07-17,STP_KCH,F_1248,10
2025-07-17,STP_KCH,F_1100,10
2025-07-17,STP_KCH,F_1000,10
2025-07-17,STP_KCH,F_1032,10
2025-07-17,STP_KCH,F_1004,10
2025-07-17,STP_KCH,F_1024,10
2025-07-17,STP_KCH,F_1048,10
2025-07-17,STP_KCH,F_1180,10
2025-07-17,STP_KCH,F_1168,10
2025-07-17,STP_KCH,F_1188,10
2025-07-17,STP_KCH,F_1020,10
2025-07-17,STP_KCH,F_1140,10
2025-07-17,STP_KCH,F_1104,10
2025-07-17,STP_KCH,F_1116,10
2025-07-17,STP_KCH,F_1196,10
2025-07-17,STP_KCH,F_1064,10
2025-07-17,STP_KCH,F_1084,10
2025-07-17,STP_KCH,F_1212,10
2025-07-17,STP_KCH,F_1220,10
2025-07-17,STP_KCH,F_1216,10
2025-07-17,STP_KCH,F_1240,10
2025-07-17,STP_KCH,F_1036,10
2025-07-17,STP_KCH,F_1096,10
2025-07-17,STP_KCH,F_1156,10
2025-07-17,STP_KCH,F_1164,10
2025-07-17,STP_KCH,F_1228,10
2025-07-17,STP_GVR,F_1248,10
2025-07-17,STP_GVR,F_1112,10
2025-07-17,STP_GVR,F_1056,10
2025-07-17,STP_GVR,F_1108,10
2025-07-17,STP_GVR,F_1172,10
2025-07-17,STP_GVR,F_1104,10
2025-07-17,STP_GVR,F_1100,10
2025-07-17,STP_GVR,F_1052,10
2025-07-17,STP_GVR,F_1168,10
2025-07-17,STP_GVR,F_1208,10
2025-07-17,STP_GVR,F_1244,10
2025-07-17,STP_GVR,F_1096,10
2025-07-17,STP_GVR,F_1144,10
2025-07-17,STP_GVR,F_1220,10
2025-07-17,STP_GVR,F_1072,10
2025-07-17,STP_GVR,F_1092,10
2025-07-17,STP_GVR,F_1240,10
2025-07-17,STP_GVR,F_1224,10
2025-07-17,STP_GVR,F_1124,10
2025-07-17,STP_GVR,F_1024,10
2025-07-17,STP_GVR,F_1132,10
2025-07-17,STP_GVR,F_1184,10
2025-07-17,STP_GVR,F_1028,10
2025-07-17,STP_GVR,F_1140,10
2025-07-17,STP_GVR,F_1016,10
2025-07-17,STP_GVR,F_1212,10
2025-07-17,STP_GVR,F_1228,10
2025-07-18,STP_TVM,F_1156,10
2025-07-18,STP_TVM,F_1088,10
2025-07-18,STP_TVM,F_1164,10
2025-07-18,STP_TVM,F_1176,10
2025-07-18,STP_TVM,F_1064,10
2025-07-18,STP_TVM,F_1008,10
2025-07-18,STP_TVM,F_1216,10
2025-07-18,STP_TVM,F_1180,10
2025-07-18,STP_TVM,F_1116,10
2025-07-18,STP_TVM,F_1020,10
2025-07-18,STP_TVM,F_1048,10
2025-07-18,STP_TVM,F_1068,10
2025-07-18,STP_TVM,F_1040,10
2025-07-18,STP_TVM,F_1032,10
2025-07-18,STP_TVM,F_1036,10
2025-07-18,STP_TVM,F_1080,10
2025-07-18,STP_TVM,F_1004,10
2025-07-18,STP_TVM,F_1000,10
2025-07-18,STP_TVM,F_1184,10
2025-07-18,STP_TVM,F_1208,10
2025-07-18,STP_TVM,F_1188,10
2025-07-18,STP_KKD,F_1132,10
2025-07-18,STP_KKD,F_1248,10
2025-07-18,STP_KCH,F_1144,10
2025-07-18,STP_KCH,F_1208,10
2025-07-18,STP_GVR,F_1108,10
2025-07-19,STP_TVM,F_1156,10
2025-07-19,STP_TVM,F_1088,10
2025-07-19,STP_TVM,F_1164,10
2025-07-19,STP_KKD,F_1132,10
2025-07-19,STP_KKD,F_1248,10
2025-07-19,STP_GVR,F_1108,10
2025-07-19,STP_KCH,F_1208,10
2025-07-28,STP_TVM,F_1221,10
2025-07-28,STP_TVM,F_1105,10
2025-07-28,STP_TVM,F_1069,10
2025-07-28,STP_TVM,F_1217,10
2025-07-28,STP_TVM,F_1141,10
2025-07-28,STP_TVM,F_1245,10
2025-07-28,STP_TVM,F_1129,10
2025-07-28,STP_TVM,F_1137,10
2025-07-28,STP_TVM,F_1173,10
2025-07-28,STP_TVM,F_1189,10
2025-07-28,STP_TVM,F_1209,10
2025-07-28,STP_TVM,F_1133,10
2025-07-28,STP_TVM,F_1157,10
2025-07-28,STP_TVM,F_1005,10
2025-07-28,STP_TVM,F_1061,10
2025-07-28,STP_TVM,F_1185,10
2025-07-28,STP_TVM,F_1145,10
2025-07-28,STP_TVM,F_1165,10
2025-07-28,STP_TVM,F_1161,10
2025-07-28,STP_TVM,F_1237,10
2025-07-28,STP_TVM,F_1193,10
2025-07-28,STP_TVM,F_1065,10
2025-07-28,STP_TVM,F_1021,10
2025-07-28,STP_TVM,F_1093,10
2025-07-28,STP_TVM,F_1085,10
2025-07-28,STP_TVM,F_1009,10
2025-07-28,STP_TVM,F_1053,10
2025-07-28,STP_KKD,F_1197,10
2025-07-28,STP_KKD,F_1229,10
2025-07-28,STP_KKD,F_1025,10
2025-07-28,STP_KKD,F_1177,10
2025-07-28,STP_KKD,F_1213,10
2025-07-28,STP_KKD,F_1101,10
2025-07-28,STP_KKD,F_1033,10
2025-07-28,STP_KKD,F_1233,10
2025-07-28,STP_KKD,F_1113,10
2025-07-28,STP_KKD,F_1081,10
2025-07-28,STP_KKD,F_1029,10
2025-07-28,STP_KKD,F_1057,10
2025-07-28,STP_KKD,F_1001,10
2025-07-28,STP_KKD,F_1037,10
2025-07-28,STP_KKD,F_1205,10
2025-07-28,STP_KKD,F_1041,10
2025-07-28,STP_KKD,F_1241,10
2025-07-28,STP_KKD,F_1013,10
2025-07-28,STP_KCH,F_1021,10
2025-07-28,STP_KCH,F_1161,10
2025-07-28,STP_KCH,F_1249,10
2025-07-28,STP_KCH,F_1193,10
2025-07-28,STP_KCH,F_1037,10
2025-07-28,STP_KCH,F_1205,10
2025-07-28,STP_KCH,F_1237,10
2025-07-28,STP_KCH,F_1085,10
2025-07-28,STP_KCH,F_1233,10
2025-07-28,STP_KCH,F_1209,10
2025-07-28,STP_KCH,F_1073,10
2025-07-28,STP_KCH,F_1157,10
2025-07-28,STP_KCH,F_1061,10
2025-07-28,STP_KCH,F_1005,10
2025-07-28,STP_GVR,F_1233,10
2025-07-28,STP_GVR,F_1249,10
2025-07-28,STP_GVR,F_1037,10
2025-07-28,STP_GVR,F_1229,10
2025-07-28,STP_GVR,F_1033,10
2025-07-28,STP_GVR,F_1025,10
2025-07-28,STP_GVR,F_1073,10
2025-07-28,STP_GVR,F_1177,10
2025-07-28,STP_GVR,F_1001,10
2025-07-29,STP_TVM,F_1221,10
2025-07-29,STP_TVM,F_1105,10
2025-07-29,STP_TVM,F_1069,10
2025-07-29,STP_KKD,F_1197,10
2025-07-29,STP_KKD,F_1229,10
2025-07-29,STP_GVR,F_1233,10
2025-07-29,STP_KCH,F_1161,10
2025-07-30,STP_TVM,F_1221,10
2025-07-30,STP_TVM,F_1105,10
2025-07-30,STP_TVM,F_1069,10
2025-07-30,STP_KKD,F_1197,10
2025-07-30,STP_KKD,F_1229,10
2025-07-30,STP_KCH,F_1161,10
2025-07-30,STP_KCH,F_1193,10
2025-07-30,STP_GVR,F_1233,10
2025-08-02,STP_TVM,F_1221,10
2025-08-02,STP_TVM,F_1105,10
2025-08-02,STP_TVM,F_1069,10
2025-08-02,STP_TVM,F_1217,10
2025-08-02,STP_TVM,F_1245,10
2025-08-02,STP_TVM,F_1141,10
2025-08-02,STP_TVM,F_1129,10
2025-08-02,STP_TVM,F_1137,10
2025-08-02,STP_TVM,F_1173,10
2025-08-02,STP_KKD,F_1197,10
2025-08-02,STP_KKD,F_1229,10
2025-08-02,STP_KKD,F_1025,10
2025-08-02,STP_KKD,F_1177,10
2025-08-02,STP_KKD,F_1213,10
2025-08-02,STP_KKD,F_1101,10
2025-08-02,STP_KCH,F_1161,10
2025-08-02,STP_KCH,F_1193,10
2025-08-02,STP_KCH,F_1205,10
2025-08-02,STP_KCH,F_1237,10
2025-08-02,STP_GVR,F_1233,10
2025-08-02,STP_GVR,F_1033,10
2025-08-02,STP_GVR,F_1249,10
2025-08-03,STP_TVM,F_1221,10
2025-08-03,STP_TVM,F_1105,10
2025-08-03,STP_TVM,F_1069,10
2025-08-03,STP_KKD,F_1197,10
2025-08-03,STP_KKD,F_1229,10
2025-08-03,STP_KCH,F_1161,10
2025-08-03,STP_KCH,F_1193,10
2025-08-03,STP_GVR,F_1233,10
2025-08-04,STP_TVM,F_1221,10
2025-08-04,STP_TVM,F_1105,10
2025-08-04,STP_TVM,F_1069,10
2025-08-04,STP_KKD,F_1095,10
2025-08-04,STP_KKD,F_1197,10
2025-08-04,STP_GVR,F_1233,10
2025-08-04,STP_KCH,F_1039,10
2025-08-05,STP_TVM,F_1221,10
2025-08-05,STP_TVM,F_1105,10
2025-08-05,STP_TVM,F_1069,10
2025-08-05,STP_KKD,F_1095,10
2025-08-05,STP_KKD,F_1197,10
2025-08-05,STP_KCH,F_1039,10
2025-08-05,STP_KCH,F_1187,10
2025-08-05,STP_GVR,F_1233,10
2025-08-06,STP_TVM,F_1223,10
2025-08-06,STP_TVM,F_1055,10
2025-08-06,STP_TVM,F_1119,10
2025-08-06,STP_KKD,F_1095,10
2025-08-06,STP_KKD,F_1023,10
2025-08-06,STP_GVR,F_1115,10
2025-08-06,STP_KCH,F_1039,10
2025-08-10,STP_TVM,F_1069,10
2025-08-10,STP_TVM,F_1221,10
2025-08-10,STP_TVM,F_1105,10
2025-08-10,STP_TVM,F_1245,10
2025-08-10,STP_TVM,F_1217,10
2025-08-10,STP_TVM,F_1141,10
2025-08-10,STP_TVM,F_1129,10
2025-08-10,STP_TVM,F_1137,10
2025-08-10,STP_TVM,F_1173,10
2025-08-10,STP_TVM,F_1189,10
2025-08-10,STP_TVM,F_1157,10
2025-08-10,STP_TVM,F_1209,10
2025-08-10,STP_KKD,F_1197,10
2025-08-10,STP_KKD,F_1229,10
2025-08-10,STP_KKD,F_1025,10
2025-08-10,STP_KKD,F_1177,10
2025-08-10,STP_KKD,F_1213,10
2025-08-10,STP_KKD,F_1101,10
2025-08-10,STP_KKD,F_1233,10
2025-08-10,STP_KKD,F_1033,10
2025-08-10,STP_KCH,F_1161,10
2025-08-10,STP_KCH,F_1193,10
2025-08-10,STP_KCH,F_1021,10
2025-08-10,STP_KCH,F_1205,10
2025-08-10,STP_KCH,F_1237,10
2025-08-10,STP_KCH,F_1249,10
2025-08-10,STP_GVR,F_1233,10
2025-08-10,STP_GVR,F_1249,10
2025-08-10,STP_GVR,F_1037,10
2025-08-10,STP_GVR,F_1229,10
2025-08-11,STP_TVM,F_1069,10
2025-08-11,STP_TVM,F_1221,10
2025-08-11,STP_TVM,F_1105,10
2025-08-11,STP_KKD,F_1197,10
2025-08-11,STP_KKD,F_1229,10
2025-08-11,STP_KCH,F_1161,10
2025-08-11,STP_KCH,F_1193,10
2025-08-11,STP_GVR,F_1233,10
2025-08-12,STP_TVM,F_1069,10
2025-08-12,STP_TVM,F_1221,10
2025-08-12,STP_TVM,F_1105,10
2025-08-12,STP_KKD,F_1197,10
2025-08-12,STP_KKD,F_1229,10
2025-08-12,STP_GVR,F_1233,10
2025-08-12,STP_KCH,F_1161,10
2025-08-13,STP_TVM,F_1069,10
2025-08-13,STP_TVM,F_1221,10
2025-08-13,STP_TVM,F_1105,10
2025-08-13,STP_KKD,F_1197,10
2025-08-13,STP_KKD,F_1229,10
2025-08-13,STP_KCH,F_1161,10
2025-08-13,STP_KCH,F_1193,10
2025-08-13,STP_GVR,F_1233,10
2025-08-19,STP_TVM,F_1069,10
2025-08-19,STP_TVM,F_1221,10
2025-08-19,STP_TVM,F_1105,10
2025-08-19,STP_TVM,F_1245,10
2025-08-19,STP_TVM,F_1129,10
2025-08-19,STP_TVM,F_1217,10
2025-08-19,STP_TVM,F_1141,10
2025-08-19,STP_TVM,F_1137,10
2025-08-19,STP_TVM,F_1173,10
2025-08-19,STP_TVM,F_1189,10
2025-08-19,STP_TVM,F_1157,10
2025-08-19,STP_TVM,F_1133,10
2025-08-19,STP_TVM,F_1209,10
2025-08-19,STP_TVM,F_1005,10
2025-08-19,STP_TVM,F_1061,10
2025-08-19,STP_TVM,F_1165,10
2025-08-19,STP_TVM,F_1185,10
2025-08-19,STP_TVM,F_1145,10
2025-08-19,STP_KKD,F_1197,10
2025-08-19,STP_KKD,F_1229,10
2025-08-19,STP_KKD,F_1177,10
2025-08-19,STP_KKD,F_1025,10
2025-08-19,STP_KKD,F_1101,10
2025-08-19,STP_KKD,F_1233,10
2025-08-19,STP_KKD,F_1213,10
2025-08-19,STP_KKD,F_1033,10
2025-08-19,STP_KKD,F_1113,10
2025-08-19,STP_KKD,F_1081,10
2025-08-19,STP_KKD,F_1057,10
2025-08-19,STP_KKD,F_1029,10
2025-08-19,STP_KCH,F_1161,10
2025-08-19,STP_KCH,F_1193,10
2025-08-19,STP_KCH,F_1021,10
2025-08-19,STP_KCH,F_1249,10
2025-08-19,STP_KCH,F_1205,10
2025-08-19,STP_KCH,F_1237,10
2025-08-19,STP_KCH,F_1037,10
2025-08-19,STP_KCH,F_1085,10
2025-08-19,STP_KCH,F_1233,10
2025-08-19,STP_GVR,F_1233,10
2025-08-19,STP_GVR,F_1249,10
2025-08-19,STP_GVR,F_1037,10
2025-08-19,STP_GVR,F_1229,10
2025-08-19,STP_GVR,F_1033,10
2025-08-19,STP_GVR,F_1025,10
2025-08-20,STP_TVM,F_1069,10
2025-08-20,STP_TVM,F_1221,10
2025-08-20,STP_TVM,F_1105,10
2025-08-20,STP_KKD,F_1197,10
2025-08-20,STP_KKD,F_1229,10
2025-08-20,STP_GVR,F_1233,10
2025-08-20,STP_KCH,F_1161,10
2025-08-21,STP_TVM,F_1069,10
2025-08-21,STP_TVM,F_1221,10
2025-08-21,STP_TVM,F_1105,10
2025-08-21,STP_KKD,F_1197,10
2025-08-21,STP_KKD,F_1229,10
2025-08-21,STP_KCH,F_1161,10
2025-08-21,STP_KCH,F_1193,10
2025-08-21,STP_GVR,F_1233,10
2025-08-22,STP_TVM,F_1069,10
2025-08-22,STP_TVM,F_1105,10
2025-08-22,STP_TVM,F_1221,10
2025-08-22,STP_KKD,F_1197,10
2025-08-22,STP_KKD,F_1229,10
2025-08-22,STP_GVR,F_1233,10
2025-08-22,STP_KCH,F_1161,10
2025-08-23,STP_TVM,F_1069,10
2025-08-23,STP_TVM,F_1105,10
2025-08-23,STP_TVM,F_1221,10
2025-08-23,STP_KKD,F_1197,10
2025-08-23,STP_KKD,F_1229,10
2025-08-23,STP_KCH,F_1161,10
2025-08-23,STP_KCH,F_1193,10
2025-08-23,STP_GVR,F_1233,10
2025-08-24,STP_TVM,F_1069,10
2025-08-24,STP_TVM,F_1105,10
2025-08-24,STP_TVM,F_1221,10
2025-08-24,STP_KKD,F_1197,10
2025-08-24,STP_KKD,F_1229,10
2025-08-24,STP_GVR,F_1233,10
2025-08-24,STP_KCH,F_1161,10
2025-08-25,STP_TVM,F_1069,10
2025-08-25,STP_TVM,F_1105,10
2025-08-25,STP_TVM,F_1221,10
2025-08-25,STP_KKD,F_1197,10
2025-08-25,STP_KKD,F_1229,10
2025-08-25,STP_KCH,F_1161,10
2025-08-25,STP_KCH,F_1193,10
2025-08-25,STP_GVR,F_1233,10
2025-08-26,STP_TVM,F_1156,10
2025-08-26,STP_TVM,F_1088,10
2025-08-26,STP_TVM,F_1069,10
2025-08-26,STP_KKD,F_1197,10
2025-08-26,STP_KKD,F_1229,10
2025-08-26,STP_GVR,F_1233,10
2025-08-26,STP_KCH,F_1208,10
2025-08-27,STP_TVM,F_1156,10
2025-08-27,STP_TVM,F_1088,10
2025-08-27,STP_TVM,F_1164,10
2025-08-27,STP_KKD,F_1104,10
2025-08-27,STP_KKD,F_1132,10
2025-08-27,STP_KCH,F_1208,10
2025-08-27,STP_KCH,F_1244,10
2025-08-27,STP_GVR,F_1248,10
2025-08-28,STP_TVM,F_1156,10
2025-08-28,STP_TVM,F_1088,10
2025-08-28,STP_TVM,F_1164,10
2025-08-28,STP_KKD,F_1104,10
2025-08-28,STP_KKD,F_1132,10
2025-08-28,STP_GVR,F_1248,10
2025-08-28,STP_KCH,F_1208,10
2025-08-29,STP_TVM,F_1156,10
2025-08-29,STP_TVM,F_1088,10
2025-08-29,STP_TVM,F_1164,10
2025-08-29,STP_KKD,F_1095,10
2025-08-29,STP_KKD,F_1104,10
2025-08-29,STP_KCH,F_1208,10
2025-08-29,STP_KCH,F_1039,10
2025-08-29,STP_GVR,F_1248,10
2025-08-30,STP_TVM,F_1156,10
2025-08-30,STP_TVM,F_1088,10
2025-08-30,STP_TVM,F_1069,10
2025-08-30,STP_KKD,F_1095,10
2025-08-30,STP_KKD,F_1197,10
2025-08-30,STP_GVR,F_1233,10
2025-08-30,STP_KCH,F_1208,10
2025-08-31,STP_TVM,F_1156,10
2025-08-31,STP_TVM,F_1088,10
2025-08-31,STP_TVM,F_1069,10
2025-08-31,STP_KKD,F_1095,10
2025-08-31,STP_KKD,F_1197,10
2025-08-31,STP_KCH,F_1208,10
2025-08-31,STP_KCH,F_1039,10
2025-08-31,STP_GVR,F_1233,10
2025-09-01,STP_TVM,F_1156,10
2025-09-01,STP_TVM,F_1088,10
2025-09-01,STP_TVM,F_1069,10
2025-09-01,STP_KKD,F_1095,10
2025-09-01,STP_KKD,F_1197,10
2025-09-01,STP_GVR,F_1233,10
2025-09-01,STP_KCH,F_1208,10
2025-09-02,STP_TVM,F_1156,10
2025-09-02,STP_TVM,F_1088,10
2025-09-02,STP_TVM,F_1069,10
2025-09-02,STP_KKD,F_1197,10
2025-09-02,STP_KKD,F_1229,10
2025-09-02,STP_KCH,F_1208,10
2025-09-02,STP_KCH,F_1244,10
2025-09-02,STP_GVR,F_1233,10
2025-09-03,STP_TVM,F_1156,10
2025-09-03,STP_TVM,F_1088,10
2025-09-03,STP_TVM,F_1069,10
2025-09-03,STP_KKD,F_1197,10
2025-09-03,STP_KKD,F_1229,10
2025-09-03,STP_GVR,F_1233,10
2025-09-03,STP_KCH,F_1208,10
2025-09-04,STP_TVM,F_1156,10
2025-09-04,STP_TVM,F_1088,10
2025-09-04,STP_TVM,F_1069,10
2025-09-04,STP_KKD,F_1197,10
2025-09-04,STP_KKD,F_1229,10
2025-09-04,STP_KCH,F_1208,10
2025-09-04,STP_KCH,F_1244,10
2025-09-04,STP_GVR,F_1233,10
2025-09-05,STP_TVM,F_1156,10
2025-09-05,STP_TVM,F_1088,10
2025-09-05,STP_TVM,F_1069,10
2025-09-05,STP_KKD,F_1197,10
2025-09-05,STP_KKD,F_1229,10
2025-09-05,STP_GVR,F_1233,10
2025-09-05,STP_KCH,F_1208,10
2025-09-06,STP_TVM,F_1156,10
2025-09-06,STP_TVM,F_1088,10
2025-09-06,STP_TVM,F_1069,10
2025-09-06,STP_KKD,F_1197,10
2025-09-06,STP_KKD,F_1229,10
2025-09-06,STP_KCH,F_1208,10
2025-09-06,STP_KCH,F_1244,10
2025-09-06,STP_GVR,F_1233,10
2025-09-07,STP_TVM,F_1156,10
2025-09-07,STP_TVM,F_1088,10
2025-09-07,STP_TVM,F_1164,10
2025-09-07,STP_KKD,F_1104,10
2025-09-07,STP_KKD,F_1096,10
2025-09-07,STP_GVR,F_1248,10
2025-09-07,STP_KCH,F_1208,10
2025-09-08,STP_TVM,F_1156,10
2025-09-08,STP_TVM,F_1088,10
2025-09-08,STP_TVM,F_1164,10
2025-09-08,STP_KKD,F_1206,10
2025-09-08,STP_KKD,F_1104,10
2025-09-08,STP_KCH,F_1208,10
2025-09-08,STP_KCH,F_1086,10
2025-09-08,STP_GVR,F_1248,10
2025-09-09,STP_TVM,F_1156,10
2025-09-09,STP_TVM,F_1088,10
2025-09-09,STP_TVM,F_1164,10
2025-09-09,STP_KKD,F_1206,10
2025-09-09,STP_KKD,F_1104,10
2025-09-09,STP_GVR,F_1248,10
2025-09-09,STP_KCH,F_1208,10
2025-09-10,STP_TVM,F_1156,10
2025-09-10,STP_TVM,F_1088,10
2025-09-10,STP_TVM,F_1164,10
2025-09-10,STP_KKD,F_1104,10
2025-09-10,STP_KKD,F_1096,10
2025-09-10,STP_KCH,F_1208,10
2025-09-10,STP_KCH,F_1244,10
2025-09-10,STP_GVR,F_1248,10
2025-09-11,STP_TVM,F_1156,10
2025-09-11,STP_TVM,F_1088,10
2025-09-11,STP_TVM,F_1164,10
2025-09-11,STP_KKD,F_1095,10
2025-09-11,STP_KKD,F_1104,10
2025-09-11,STP_GVR,F_1248,10
2025-09-11,STP_KCH,F_1208,10
2025-09-12,STP_TVM,F_1156,10
2025-09-12,STP_TVM,F_1088,10
2025-09-12,STP_TVM,F_1069,10
2025-09-12,STP_KKD,F_1197,10
2025-09-12,STP_KKD,F_1229,10
2025-09-12,STP_KCH,F_1208,10
2025-09-12,STP_KCH,F_1244,10
2025-09-12,STP_GVR,F_1233,10
2025-09-13,STP_TVM,F_1156,10
2025-09-13,STP_TVM,F_1088,10
2025-09-13,STP_TVM,F_1069,10
2025-09-13,STP_KKD,F_1197,10
2025-09-13,STP_KKD,F_1229,10
2025-09-13,STP_GVR,F_1233,10
2025-09-13,STP_KCH,F_1208,10
2025-09-14,STP_TVM,F_1156,10
2025-09-14,STP_TVM,F_1088,10
2025-09-14,STP_TVM,F_1069,10
2025-09-14,STP_KKD,F_1197,10
2025-09-14,STP_KKD,F_1229,10
2025-09-14,STP_KCH,F_1208,10
2025-09-14,STP_KCH,F_1244,10
2025-09-14,STP_GVR,F_1233,10
2025-09-15,STP_TVM,F_1156,10
2025-09-15,STP_TVM,F_1088,10
2025-09-15,STP_TVM,F_1164,10
2025-09-15,STP_KKD,F_1104,10
2025-09-15,STP_KKD,F_1096,10
2025-09-15,STP_GVR,F_1248,10
2025-09-15,STP_KCH,F_1208,10
2025-09-16,STP_TVM,F_1156,10
2025-09-16,STP_TVM,F_1088,10
2025-09-16,STP_TVM,F_1164,10
2025-09-16,STP_KKD,F_1104,10
2025-09-16,STP_KKD,F_1096,10
2025-09-16,STP_KCH,F_1208,10
2025-09-16,STP_KCH,F_1244,10
2025-09-16,STP_GVR,F_1248,10
2025-09-17,STP_TVM,F_1156,10
2025-09-17,STP_TVM,F_1088,10
2025-09-17,STP_TVM,F_1164,10
2025-09-17,STP_KKD,F_1095,10
2025-09-17,STP_KKD,F_1104,10
2025-09-17,STP_GVR,F_1248,10
2025-09-17,STP_KCH,F_1208,10
2025-09-20,STP_TVM,F_1069,10
2025-09-20,STP_TVM,F_1105,10
2025-09-20,STP_TVM,F_1221,10
2025-09-20,STP_TVM,F_1245,10
2025-09-20,STP_TVM,F_1129,10
2025-09-20,STP_TVM,F_1141,10
2025-09-20,STP_TVM,F_1217,10
2025-09-20,STP_TVM,F_1137,10
2025-09-20,STP_TVM,F_1173,10
2025-09-20,STP_KKD,F_1197,10
2025-09-20,STP_KKD,F_1229,10
2025-09-20,STP_KKD,F_1177,10
2025-09-20,STP_KKD,F_1101,10
2025-09-20,STP_KKD,F_1025,10
2025-09-20,STP_KKD,F_1113,10
2025-09-20,STP_KCH,F_1249,10
2025-09-20,STP_KCH,F_1161,10
2025-09-20,STP_KCH,F_1021,10
2025-09-20,STP_KCH,F_1193,10
2025-09-20,STP_KCH,F_1205,10
2025-09-20,STP_GVR,F_1233,10
2025-09-20,STP_GVR,F_1033,10
2025-09-20,STP_GVR,F_1249,10
2025-09-21,STP_TVM,F_1069,10
2025-09-21,STP_TVM,F_1105,10
2025-09-21,STP_TVM,F_1221,10
2025-09-21,STP_KKD,F_1197,10
2025-09-21,STP_KKD,F_1229,10
2025-09-21,STP_GVR,F_1233,10
2025-09-21,STP_KCH,F_1249,10
2025-09-22,STP_TVM,F_1069,10
2025-09-22,STP_TVM,F_1105,10
2025-09-22,STP_TVM,F_1221,10
2025-09-22,STP_KKD,F_1197,10
2025-09-22,STP_KKD,F_1229,10
2025-09-22,STP_KCH,F_1249,10
2025-09-22,STP_KCH,F_1161,10
2025-09-22,STP_GVR,F_1233,10
2025-09-23,STP_TVM,F_1069,10
2025-09-23,STP_TVM,F_1105,10
2025-09-23,STP_TVM,F_1221,10
2025-09-23,STP_KKD,F_1197,10
2025-09-23,STP_KKD,F_1229,10
2025-09-23,STP_GVR,F_1233,10
2025-09-23,STP_KCH,F_1249,10
2025-09-24,STP_TVM,F_1069,10
2025-09-24,STP_TVM,F_1105,10
2025-09-24,STP_TVM,F_1221,10
2025-09-24,STP_KKD,F_1197,10
2025-09-24,STP_KKD,F_1229,10
2025-09-24,STP_KCH,F_1249,10
2025-09-24,STP_KCH,F_1161,10
2025-09-24,STP_GVR,F_1233,10
2025-09-25,STP_TVM,F_1069,10
2025-09-25,STP_TVM,F_1105,10
2025-09-25,STP_TVM,F_1221,10
2025-09-25,STP_KKD,F_1197,10
2025-09-25,STP_KKD,F_1229,10
2025-09-25,STP_GVR,F_1233,10
2025-09-25,STP_KCH,F_1249,10
2025-09-26,STP_TVM,F_1069,10
2025-09-26,STP_TVM,F_1105,10
2025-09-26,STP_TVM,F_1221,10
2025-09-26,STP_KKD,F_1197,10
2025-09-26,STP_KKD,F_1229,10
2025-09-26,STP_KCH,F_1249,10
2025-09-26,STP_KCH,F_1161,10
2025-09-26,STP_GVR,F_1233,10
2025-09-27,STP_TVM,F_1069,10
2025-09-27,STP_TVM,F_1105,10
2025-09-27,STP_TVM,F_1221,10
2025-09-27,STP_KKD,F_1095,10
2025-09-27,STP_KKD,F_1197,10
2025-09-27,STP_GVR,F_1249,10
2025-09-27,STP_KCH,F_1039,10
2025-09-28,STP_TVM,F_1069,10
2025-09-28,STP_TVM,F_1105,10
2025-09-28,STP_TVM,F_1221,10
2025-09-28,STP_KKD,F_1095,10
2025-09-28,STP_KKD,F_1197,10
2025-09-28,STP_KCH,F_1249,10
2025-09-28,STP_KCH,F_1039,10
2025-09-28,STP_GVR,F_1233,10
2025-09-29,STP_TVM,F_1069,10
2025-09-29,STP_TVM,F_1105,10
2025-09-29,STP_TVM,F_1221,10
2025-09-29,STP_KKD,F_1095,10
2025-09-29,STP_KKD,F_1197,10
2025-09-29,STP_GVR,F_1249,10
2025-09-29,STP_KCH,F_1039,10
2025-09-30,STP_TVM,F_1069,10
2025-09-30,STP_TVM,F_1105,10
2025-09-30,STP_TVM,F_1221,10
2025-09-30,STP_KKD,F_1197,10
2025-09-30,STP_KKD,F_1229,10
2025-09-30,STP_KCH,F_1249,10
2025-09-30,STP_KCH,F_1161,10
2025-09-30,STP_GVR,F_1233,10
2025-10-01,STP_TVM,F_1069,10
2025-10-01,STP_TVM,F_1105,10
2025-10-01,STP_TVM,F_1221,10
2025-10-01,STP_KKD,F_1197,10
2025-10-01,STP_KKD,F_1229,10
2025-10-01,STP_GVR,F_1249,10
2025-10-01,STP_KCH,F_1161,10
2025-10-02,STP_TVM,F_1069,10
2025-10-02,STP_TVM,F_1105,10
2025-10-02,STP_TVM,F_1221,10
2025-10-02,STP_KKD,F_1197,10
2025-10-02,STP_KKD,F_1229,10
2025-10-02,STP_KCH,F_1249,10
2025-10-02,STP_KCH,F_1161,10
2025-10-02,STP_GVR,F_1233,10
2025-10-03,STP_TVM,F_1156,10
2025-10-03,STP_TVM,F_1088,10
2025-10-03,STP_TVM,F_1164,10
2025-10-03,STP_KKD,F_1104,10
2025-10-03,STP_KKD,F_1096,10
2025-10-03,STP_GVR,F_1248,10
2025-10-03,STP_KCH,F_1208,10
2025-10-04,STP_TVM,F_1156,10
2025-10-04,STP_TVM,F_1088,10
2025-10-04,STP_TVM,F_1164,10
2025-10-04,STP_KKD,F_1104,10
2025-10-04,STP_KKD,F_1096,10
2025-10-04,STP_KCH,F_1208,10
2025-10-04,STP_KCH,F_1244,10
2025-10-04,STP_GVR,F_1248,10
2025-10-05,STP_TVM,F_1156,10
2025-10-05,STP_TVM,F_1088,10
2025-10-05,STP_TVM,F_1164,10
2025-10-05,STP_KKD,F_1104,10
2025-10-05,STP_KKD,F_1096,10
2025-10-05,STP_GVR,F_1248,10
2025-10-05,STP_KCH,F_1208,10
2025-10-06,STP_TVM,F_1156,10
2025-10-06,STP_TVM,F_1088,10
2025-10-06,STP_TVM,F_1164,10
2025-10-06,STP_KKD,F_1104,10
2025-10-06,STP_KKD,F_1096,10
2025-10-06,STP_KCH,F_1208,10
2025-10-06,STP_KCH,F_1244,10
2025-10-06,STP_GVR,F_1248,10
2025-10-07,STP_TVM,F_1156,10
2025-10-07,STP_TVM,F_1088,10
2025-10-07,STP_TVM,F_1164,10
2025-10-07,STP_KKD,F_1104,10
2025-10-07,STP_KKD,F_1096,10
2025-10-07,STP_GVR,F_1248,10
2025-10-07,STP_KCH,F_1208,10
2025-10-08,STP_TVM,F_1156,10
2025-10-08,STP_TVM,F_1088,10
2025-10-08,STP_TVM,F_1164,10
2025-10-08,STP_KKD,F_1104,10
2025-10-08,STP_KKD,F_1096,10
2025-10-08,STP_KCH,F_1208,10
2025-10-08,STP_KCH,F_1244,10
2025-10-08,STP_GVR,F_1248,10
2025-10-09,STP_TVM,F_1156,10
2025-10-09,STP_TVM,F_1088,10
2025-10-09,STP_TVM,F_1164,10
2025-10-09,STP_KKD,F_1104,10
2025-10-09,STP_KKD,F_1096,10
2025-10-09,STP_GVR,F_1248,10
2025-10-09,STP_KCH,F_1208,10
2025-10-10,STP_TVM,F_1156,10
2025-10-10,STP_TVM,F_1088,10
2025-10-10,STP_TVM,F_1164,10
2025-10-10,STP_KKD,F_1104,10
2025-10-10,STP_KKD,F_1096,10
2025-10-10,STP_KCH,F_1208,10
2025-10-10,STP_KCH,F_1244,10
2025-10-10,STP_GVR,F_1248,10
2025-10-11,STP_TVM,F_1156,10
2025-10-11,STP_TVM,F_1088,10
2025-10-11,STP_TVM,F_1164,10
2025-10-11,STP_KKD,F_1197,10
2025-10-11,STP_KKD,F_1104,10
2025-10-11,STP_GVR,F_1249,10
2025-10-11,STP_KCH,F_1208,10
2025-10-12,STP_TVM,F_1156,10
2025-10-12,STP_TVM,F_1088,10
2025-10-12,STP_TVM,F_1164,10
2025-10-12,STP_KKD,F_1095,10
2025-10-12,STP_KKD,F_1197,10
2025-10-12,STP_KCH,F_1249,10
2025-10-12,STP_KCH,F_1208,10
2025-10-12,STP_GVR,F_1233,10
2025-10-13,STP_TVM,F_1156,10
2025-10-13,STP_TVM,F_1164,10
2025-10-13,STP_TVM,F_1088,10
2025-10-13,STP_KKD,F_1095,10
2025-10-13,STP_KKD,F_1197,10
2025-10-13,STP_GVR,F_1249,10
2025-10-13,STP_KCH,F_1208,10
2025-10-14,STP_TVM,F_1156,10
2025-10-14,STP_TVM,F_1164,10
2025-10-14,STP_TVM,F_1088,10
2025-10-14,STP_KKD,F_1095,10
2025-10-14,STP_KKD,F_1197,10
2025-10-14,STP_KCH,F_1039,10
2025-10-14,STP_KCH,F_1208,10
2025-10-14,STP_GVR,F_1249,10
2025-10-15,STP_TVM,F_1156,10
2025-10-15,STP_TVM,F_1164,10
2025-10-15,STP_TVM,F_1088,10
2025-10-15,STP_KKD,F_1197,10
2025-10-15,STP_KKD,F_1104,10
2025-10-15,STP_GVR,F_1249,10
2025-10-15,STP_KCH,F_1208,10
2025-10-16,STP_TVM,F_1156,10
2025-10-16,STP_TVM,F_1164,10
2025-10-16,STP_TVM,F_1088,10
2025-10-16,STP_KKD,F_1197,10
2025-10-16,STP_KKD,F_1104,10
2025-10-16,STP_KCH,F_1208,10
2025-10-16,STP_KCH,F_1249,10
2025-10-16,STP_GVR,F_1233,10
2025-10-17,STP_TVM,F_1156,10
2025-10-17,STP_TVM,F_1164,10
2025-10-17,STP_TVM,F_1088,10
2025-10-17,STP_KKD,F_1197,10
2025-10-17,STP_KKD,F_1104,10
2025-10-17,STP_GVR,F_1233,10
2025-10-17,STP_KCH,F_1208,10
2025-10-18,STP_TVM,F_1156,10
2025-10-18,STP_TVM,F_1164,10
2025-10-18,STP_TVM,F_1088,10
2025-10-18,STP_KKD,F_1197,10
2025-10-18,STP_KKD,F_1104,10
2025-10-18,STP_KCH,F_1208,10
2025-10-18,STP_KCH,F_1249,10
2025-10-18,STP_GVR,F_1233,10
2025-10-20,STP_TVM,F_1069,10
2025-10-20,STP_TVM,F_1105,10
2025-10-20,STP_TVM,F_1221,10
2025-10-20,STP_TVM,F_1245,10
2025-10-20,STP_TVM,F_1129,10
2025-10-20,STP_TVM,F_1133,10
2025-10-20,STP_KKD,F_1197,10
2025-10-20,STP_KKD,F_1229,10
2025-10-20,STP_KKD,F_1177,10
2025-10-20,STP_KKD,F_1101,10
2025-10-20,STP_KCH,F_1249,10
2025-10-20,STP_KCH,F_1161,10
2025-10-20,STP_KCH,F_1021,10
2025-10-20,STP_GVR,F_1233,10
2025-10-20,STP_GVR,F_1249,10
2025-10-21,STP_TVM,F_1069,10
2025-10-21,STP_TVM,F_1105,10
2025-10-21,STP_TVM,F_1221,10
2025-10-21,STP_KKD,F_1095,10
2025-10-21,STP_KKD,F_1197,10
2025-10-21,STP_GVR,F_1233,10
2025-10-21,STP_KCH,F_1039,10
2025-10-22,STP_TVM,F_1069,10
2025-10-22,STP_TVM,F_1105,10
2025-10-22,STP_TVM,F_1221,10
2025-10-22,STP_KKD,F_1197,10
2025-10-22,STP_KKD,F_1177,10
2025-10-22,STP_KCH,F_1249,10
2025-10-22,STP_KCH,F_1161,10
2025-10-22,STP_GVR,F_1233,10
2025-10-23,STP_TVM,F_1069,10
2025-10-23,STP_TVM,F_1105,10
2025-10-23,STP_TVM,F_1221,10
2025-10-23,STP_KKD,F_1095,10
2025-10-23,STP_KKD,F_1197,10
2025-10-23,STP_GVR,F_1233,10
2025-10-23,STP_KCH,F_1039,10
2025-10-24,STP_TVM,F_1069,10
2025-10-24,STP_TVM,F_1105,10
2025-10-24,STP_TVM,F_1221,10
2025-10-24,STP_KKD,F_1095,10
2025-10-24,STP_KKD,F_1197,10
2025-10-24,STP_KCH,F_1039,10
2025-10-24,STP_KCH,F_1099,10
2025-10-24,STP_GVR,F_1233,10
2025-10-28,STP_TVM,F_1069,10
2025-10-28,STP_TVM,F_1105,10
2025-10-28,STP_TVM,F_1221,10
2025-10-28,STP_TVM,F_1245,10
2025-10-28,STP_TVM,F_1129,10
2025-10-28,STP_TVM,F_1133,10
2025-10-28,STP_TVM,F_1137,10
2025-10-28,STP_TVM,F_1141,10
2025-10-28,STP_TVM,F_1217,10
2025-10-28,STP_TVM,F_1173,10
2025-10-28,STP_TVM,F_1189,10
2025-10-28,STP_TVM,F_1005,10
2025-10-28,STP_KKD,F_1197,10
2025-10-28,STP_KKD,F_1177,10
2025-10-28,STP_KKD,F_1229,10
2025-10-28,STP_KKD,F_1101,10
2025-10-28,STP_KKD,F_1025,10
2025-10-28,STP_KKD,F_1113,10
2025-10-28,STP_KKD,F_1033,10
2025-10-28,STP_KKD,F_1081,10
2025-10-28,STP_KCH,F_1249,10
2025-10-28,STP_KCH,F_1161,10
2025-10-28,STP_KCH,F_1021,10
2025-10-28,STP_KCH,F_1193,10
2025-10-28,STP_KCH,F_1037,10
2025-10-28,STP_KCH,F_1205,10
2025-10-28,STP_GVR,F_1233,10
2025-10-28,STP_GVR,F_1249,10
2025-10-28,STP_GVR,F_1037,10
2025-10-28,STP_GVR,F_1229,10
2025-10-29,STP_TVM,F_1069,10
2025-10-29,STP_TVM,F_1105,10
2025-10-29,STP_TVM,F_1221,10
2025-10-29,STP_KKD,F_1197,10
2025-10-29,STP_KKD,F_1177,10
2025-10-29,STP_GVR,F_1233,10
2025-10-29,STP_KCH,F_1249,10
2025-10-30,STP_TVM,F_1069,10
2025-10-30,STP_TVM,F_1105,10
2025-10-30,STP_TVM,F_1221,10
2025-10-30,STP_KKD,F_1197,10
2025-10-30,STP_KKD,F_1177,10
2025-10-30,STP_KCH,F_1249,10
2025-10-30,STP_KCH,F_1161,10
2025-10-30,STP_GVR,F_1233,10
2025-10-31,STP_TVM,F_1069,10
2025-10-31,STP_TVM,F_1105,10
2025-10-31,STP_TVM,F_1221,10
2025-10-31,STP_KKD,F_1197,10
2025-10-31,STP_KKD,F_1177,10
2025-10-31,STP_GVR,F_1233,10
2025-10-31,STP_KCH,F_1249,10
2025-11-01,STP_TVM,F_1069,10
2025-11-01,STP_TVM,F_1105,10
2025-11-01,STP_TVM,F_1221,10
2025-11-01,STP_KKD,F_1197,10
2025-11-01,STP_KKD,F_1177,10
2025-11-01,STP_KCH,F_1249,10
2025-11-01,STP_KCH,F_1161,10
2025-11-01,STP_GVR,F_1233,10
2025-11-02,STP_TVM,F_1069,10
2025-11-02,STP_TVM,F_1105,10
2025-11-02,STP_TVM,F_1221,10
2025-11-02,STP_KKD,F_1197,10
2025-11-02,STP_KKD,F_1177,10
2025-11-02,STP_GVR,F_1233,10
2025-11-02,STP_KCH,F_1249,10
2025-11-03,STP_TVM,F_1069,10
2025-11-03,STP_TVM,F_1105,10
2025-11-03,STP_TVM,F_1221,10
2025-11-03,STP_KKD,F_1197,10
2025-11-03,STP_KKD,F_1177,10
2025-11-03,STP_KCH,F_1249,10
2025-11-03,STP_KCH,F_1021,10
2025-11-03,STP_GVR,F_1233,10
2025-11-04,STP_TVM,F_1156,10
2025-11-04,STP_TVM,F_1164,10
2025-11-04,STP_TVM,F_1088,10
2025-11-04,STP_KKD,F_1095,10
2025-11-04,STP_KKD,F_1197,10
2025-11-04,STP_GVR,F_1233,10
2025-11-04,STP_KCH,F_1039,10
2025-11-05,STP_TVM,F_1156,10
2025-11-05,STP_TVM,F_1164,10
2025-11-05,STP_TVM,F_1088,10
2025-11-05,STP_KKD,F_1095,10
2025-11-05,STP_KKD,F_1197,10
2025-11-05,STP_KCH,F_1039,10
2025-11-05,STP_KCH,F_1208,10
2025-11-05,STP_GVR,F_1233,10
2025-11-06,STP_TVM,F_1156,10
2025-11-06,STP_TVM,F_1164,10
2025-11-06,STP_TVM,F_1088,10
2025-11-06,STP_KKD,F_1197,10
2025-11-06,STP_KKD,F_1104,10
2025-11-06,STP_GVR,F_1233,10
2025-11-06,STP_KCH,F_1208,10
2025-11-09,STP_TVM,F_1069,10
2025-11-09,STP_TVM,F_1105,10
2025-11-09,STP_TVM,F_1221,10
2025-11-09,STP_TVM,F_1245,10
2025-11-09,STP_TVM,F_1129,10
2025-11-09,STP_TVM,F_1137,10
2025-11-09,STP_TVM,F_1141,10
2025-11-09,STP_TVM,F_1217,10
2025-11-09,STP_TVM,F_1173,10
2025-11-09,STP_KKD,F_1197,10
2025-11-09,STP_KKD,F_1177,10
2025-11-09,STP_KKD,F_1229,10
2025-11-09,STP_KKD,F_1101,10
2025-11-09,STP_KKD,F_1025,10
2025-11-09,STP_KKD,F_1113,10
2025-11-09,STP_KCH,F_1249,10
2025-11-09,STP_KCH,F_1021,10
2025-11-09,STP_KCH,F_1161,10
2025-11-09,STP_KCH,F_1193,10
2025-11-09,STP_KCH,F_1037,10
2025-11-09,STP_GVR,F_1233,10
2025-11-09,STP_GVR,F_1249,10
2025-11-09,STP_GVR,F_1037,10
2025-11-11,STP_TVM,F_1164,10
2025-11-11,STP_TVM,F_1156,10
2025-11-11,STP_TVM,F_1088,10
2025-11-11,STP_TVM,F_1176,10
2025-11-11,STP_TVM,F_1008,10
2025-11-11,STP_TVM,F_1216,10
2025-11-11,STP_KKD,F_1104,10
2025-11-11,STP_KKD,F_1096,10
2025-11-11,STP_KKD,F_1132,10
2025-11-11,STP_KKD,F_1092,10
2025-11-11,STP_KCH,F_1208,10
2025-11-11,STP_KCH,F_1244,10
2025-11-11,STP_KCH,F_1072,10
2025-11-11,STP_GVR,F_1248,10
2025-11-11,STP_GVR,F_1112,10
2025-11-12,STP_TVM,F_1164,10
2025-11-12,STP_TVM,F_1156,10
2025-11-12,STP_TVM,F_1088,10
2025-11-12,STP_KKD,F_1095,10
2025-11-12,STP_KKD,F_1197,10
2025-11-12,STP_GVR,F_1233,10
2025-11-12,STP_KCH,F_1086,10
2025-11-13,STP_TVM,F_1164,10
2025-11-13,STP_TVM,F_1156,10
2025-11-13,STP_TVM,F_1088,10
2025-11-13,STP_KKD,F_1095,10
2025-11-13,STP_KKD,F_1197,10
2025-11-13,STP_KCH,F_1086,10
2025-11-13,STP_KCH,F_1039,10
2025-11-13,STP_GVR,F_1233,10
2025-11-14,STP_TVM,F_1164,10
2025-11-14,STP_TVM,F_1156,10
2025-11-14,STP_TVM,F_1088,10
2025-11-14,STP_KKD,F_1095,10
2025-11-14,STP_KKD,F_1197,10
2025-11-14,STP_GVR,F_1233,10
2025-11-14,STP_KCH,F_1039,10
2025-11-15,STP_TVM,F_1164,10
2025-11-15,STP_TVM,F_1156,10
2025-11-15,STP_TVM,F_1088,10
2025-11-15,STP_KKD,F_1197,10
2025-11-15,STP_KKD,F_1206,10
2025-11-15,STP_KCH,F_1086,10
2025-11-15,STP_KCH,F_1208,10
2025-11-15,STP_GVR,F_1233,10
2025-11-16,STP_TVM,F_1164,10
2025-11-16,STP_TVM,F_1156,10
2025-11-16,STP_TVM,F_1088,10
2025-11-16,STP_KKD,F_1197,10
2025-11-16,STP_KKD,F_1206,10
2025-11-16,STP_GVR,F_1233,10
2025-11-16,STP_KCH,F_1086,10
2025-11-17,STP_TVM,F_1164,10
2025-11-17,STP_TVM,F_1156,10
2025-11-17,STP_TVM,F_1088,10
2025-11-17,STP_KKD,F_1197,10
2025-11-17,STP_KKD,F_1206,10
2025-11-17,STP_KCH,F_1086,10
2025-11-17,STP_KCH,F_1208,10
2025-11-17,STP_GVR,F_1233,10
2025-11-18,STP_TVM,F_1164,10
2025-11-18,STP_TVM,F_1156,10
2025-11-18,STP_TVM,F_1088,10
2025-11-18,STP_KKD,F_1197,10
2025-11-18,STP_KKD,F_1104,10
2025-11-18,STP_GVR,F_1233,10
2025-11-18,STP_KCH,F_1208,10
2025-11-19,STP_TVM,F_1164,10
2025-11-19,STP_TVM,F_1156,10
2025-11-19,STP_TVM,F_1088,10
2025-11-19,STP_KKD,F_1197,10
2025-11-19,STP_KKD,F_1104,10
2025-11-19,STP_KCH,F_1208,10
2025-11-19,STP_KCH,F_1244,10
2025-11-19,STP_GVR,F_1233,10
2025-11-20,STP_TVM,F_1164,10
2025-11-20,STP_TVM,F_1156,10
2025-11-20,STP_TVM,F_1088,10
2025-11-20,STP_KKD,F_1095,10
2025-11-20,STP_KKD,F_1197,10
2025-11-20,STP_GVR,F_1233,10
2025-11-20,STP_KCH,F_1039,10
2025-11-21,STP_TVM,F_1164,10
2025-11-21,STP_TVM,F_1156,10
2025-11-21,STP_TVM,F_1088,10
2025-11-21,STP_KKD,F_1197,10
2025-11-21,STP_KKD,F_1104,10
2025-11-21,STP_KCH,F_1208,10
2025-11-21,STP_KCH,F_1244,10
2025-11-21,STP_GVR,F_1233,10
2025-11-22,STP_TVM,F_1164,10
2025-11-22,STP_TVM,F_1156,10
2025-11-22,STP_TVM,F_1088,10
2025-11-22,STP_KKD,F_1197,10
2025-11-22,STP_KKD,F_1104,10
2025-11-22,STP_GVR,F_1233,10
2025-11-22,STP_KCH,F_1208,10
2025-11-23,STP_TVM,F_1164,10
2025-11-23,STP_TVM,F_1156,10
2025-11-23,STP_TVM,F_1088,10
2025-11-23,STP_KKD,F_1197,10
2025-11-23,STP_KKD,F_1104,10
2025-11-23,STP_KCH,F_1208,10
2025-11-23,STP_KCH,F_1244,10
2025-11-23,STP_GVR,F_1233,10
2025-11-24,STP_TVM,F_1069,10
2025-11-24,STP_TVM,F_1105,10
2025-11-24,STP_TVM,F_1221,10
2025-11-24,STP_KKD,F_1197,10
2025-11-24,STP_KKD,F_1177,10
2025-11-24,STP_GVR,F_1233,10
2025-11-24,STP_KCH,F_1021,10
2025-11-25,STP_TVM,F_1069,10
2025-11-25,STP_TVM,F_1105,10
2025-11-25,STP_TVM,F_1221,10
2025-11-25,STP_KKD,F_1197,10
2025-11-25,STP_KKD,F_1177,10
2025-11-25,STP_KCH,F_1021,10
2025-11-25,STP_KCH,F_1161,10
2025-11-25,STP_GVR,F_1233,10
2025-11-26,STP_TVM,F_1069,10
2025-11-26,STP_TVM,F_1105,10
2025-11-26,STP_TVM,F_1221,10
2025-11-26,STP_KKD,F_1197,10
2025-11-26,STP_KKD,F_1177,10
2025-11-26,STP_GVR,F_1233,10
2025-11-26,STP_KCH,F_1021,10
2025-11-27,STP_TVM,F_1069,10
2025-11-27,STP_TVM,F_1105,10
2025-11-27,STP_TVM,F_1221,10
2025-11-27,STP_KKD,F_1197,10
2025-11-27,STP_KKD,F_1177,10
2025-11-27,STP_KCH,F_1021,10
2025-11-27,STP_KCH,F_1161,10
2025-11-27,STP_GVR,F_1233,10
2025-11-28,STP_TVM,F_1069,10
2025-11-28,STP_TVM,F_1105,10
2025-11-28,STP_TVM,F_1221,10
2025-11-28,STP_KKD,F_1197,10
2025-11-28,STP_KKD,F_1177,10
2025-11-28,STP_GVR,F_1233,10
2025-11-28,STP_KCH,F_1021,10
2025-11-29,STP_TVM,F_1164,10
2025-11-29,STP_TVM,F_1156,10
2025-11-29,STP_TVM,F_1088,10
2025-11-29,STP_KKD,F_1197,10
2025-11-29,STP_KKD,F_1104,10
2025-11-29,STP_KCH,F_1208,10
2025-11-29,STP_KCH,F_1244,10
2025-11-29,STP_GVR,F_1233,10
2025-11-30,STP_TVM,F_1164,10
2025-11-30,STP_TVM,F_1156,10
2025-11-30,STP_TVM,F_1088,10
2025-11-30,STP_KKD,F_1197,10
2025-11-30,STP_KKD,F_1104,10
2025-11-30,STP_GVR,F_1233,10
2025-11-30,STP_KCH,F_1208,10
2025-12-01,STP_TVM,F_1164,10
2025-12-01,STP_TVM,F_1156,10
2025-12-01,STP_TVM,F_1088,10
2025-12-01,STP_KKD,F_1095,10
2025-12-01,STP_KKD,F_1197,10
2025-12-01,STP_KCH,F_1039,10
2025-12-01,STP_KCH,F_1208,10
2025-12-01,STP_GVR,F_1233,10
2025-12-02,STP_TVM,F_1164,10
2025-12-02,STP_TVM,F_1156,10
2025-12-02,STP_TVM,F_1088,10
2025-12-02,STP_KKD,F_1197,10
2025-12-02,STP_KKD,F_1104,10
2025-12-02,STP_GVR,F_1233,10
2025-12-02,STP_KCH,F_1208,10
2025-12-03,STP_TVM,F_1164,10
2025-12-03,STP_TVM,F_1156,10
2025-12-03,STP_TVM,F_1088,10
2025-12-03,STP_KKD,F_1197,10
2025-12-03,STP_KKD,F_1104,10
2025-12-03,STP_KCH,F_1208,10
2025-12-03,STP_KCH,F_1244,10
2025-12-03,STP_GVR,F_1233,10
2025-12-04,STP_TVM,F_1164,10
2025-12-04,STP_TVM,F_1156,10
2025-12-04,STP_TVM,F_1088,10
2025-12-04,STP_KKD,F_1197,10
2025-12-04,STP_KKD,F_1206,10
2025-12-04,STP_GVR,F_1233,10
2025-12-04,STP_KCH,F_1208,10
2025-12-05,STP_TVM,F_1164,10
2025-12-05,STP_TVM,F_1156,10
2025-12-05,STP_TVM,F_1088,10
2025-12-05,STP_KKD,F_1197,10
2025-12-05,STP_KKD,F_1206,10
2025-12-05,STP_KCH,F_1208,10
2025-12-05,STP_KCH,F_1086,10
2025-12-05,STP_GVR,F_1233,10
2025-12-06,STP_TVM,F_1164,10
2025-12-06,STP_TVM,F_1156,10
2025-12-06,STP_TVM,F_1088,10
2025-12-06,STP_KKD,F_1197,10
2025-12-06,STP_KKD,F_1206,10
2025-12-06,STP_GVR,F_1233,10
2025-12-06,STP_KCH,F_1208,10
2025-12-07,STP_TVM,F_1069,10
2025-12-07,STP_TVM,F_1046,10
2025-12-07,STP_TVM,F_1070,10
2025-12-07,STP_KKD,F_1095,10
2025-12-07,STP_KKD,F_1197,10
2025-12-07,STP_KCH,F_1039,10
2025-12-07,STP_KCH,F_1086,10
2025-12-07,STP_GVR,F_1233,10
2025-12-08,STP_TVM,F_1069,10
2025-12-08,STP_TVM,F_1105,10
2025-12-08,STP_TVM,F_1221,10
2025-12-08,STP_KKD,F_1095,10
2025-12-08,STP_KKD,F_1197,10
2025-12-08,STP_GVR,F_1233,10
2025-12-08,STP_KCH,F_1039,10
2025-12-09,STP_TVM,F_1069,10
2025-12-09,STP_TVM,F_1046,10
2025-12-09,STP_TVM,F_1070,10
2025-12-09,STP_KKD,F_1095,10
2025-12-09,STP_KKD,F_1197,10
2025-12-09,STP_KCH,F_1039,10
2025-12-09,STP_KCH,F_1086,10
2025-12-09,STP_GVR,F_1233,10
2025-12-10,STP_TVM,F_1069,10
2025-12-10,STP_TVM,F_1046,10
2025-12-10,STP_TVM,F_1070,10
2025-12-10,STP_KKD,F_1095,10
2025-12-10,STP_KKD,F_1197,10
2025-12-10,STP_GVR,F_1233,10
2025-12-10,STP_KCH,F_1039,10
2025-12-11,STP_TVM,F_1069,10
2025-12-11,STP_TVM,F_1105,10
2025-12-11,STP_TVM,F_1221,10
2025-12-11,STP_KKD,F_1095,10
2025-12-11,STP_KKD,F_1197,10
2025-12-11,STP_KCH,F_1039,10
2025-12-11,STP_KCH,F_1099,10
2025-12-11,STP_GVR,F_1233,10
2025-12-12,STP_TVM,F_1164,10
2025-12-12,STP_TVM,F_1156,10
2025-12-12,STP_TVM,F_1088,10
2025-12-12,STP_KKD,F_1095,10
2025-12-12,STP_KKD,F_1197,10
2025-12-12,STP_GVR,F_1233,10
2025-12-12,STP_KCH,F_1039,10
2025-12-13,STP_TVM,F_1164,10
2025-12-13,STP_TVM,F_1156,10
2025-12-13,STP_TVM,F_1088,10
2025-12-13,STP_KKD,F_1095,10
2025-12-13,STP_KKD,F_1197,10
2025-12-13,STP_KCH,F_1039,10
2025-12-13,STP_KCH,F_1208,10
2025-12-13,STP_GVR,F_1233,10
2025-12-14,STP_TVM,F_1164,10
2025-12-14,STP_TVM,F_1156,10
2025-12-14,STP_TVM,F_1088,10
2025-12-14,STP_KKD,F_1095,10
2025-12-14,STP_KKD,F_1197,10
2025-12-14,STP_GVR,F_1233,10
2025-12-14,STP_KCH,F_1039,10
2025-12-15,STP_TVM,F_1164,10
2025-12-15,STP_TVM,F_1156,10
2025-12-15,STP_TVM,F_1088,10
2025-12-15,STP_KKD,F_1095,10
2025-12-15,STP_KKD,F_1197,10
2025-12-15,STP_KCH,F_1039,10
2025-12-15,STP_KCH,F_1208,10
2025-12-15,STP_GVR,F_1233,10
2025-12-16,STP_TVM,F_1164,10
2025-12-16,STP_TVM,F_1156,10
2025-12-16,STP_TVM,F_1088,10
2025-12-16,STP_KKD,F_1095,10
2025-12-16,STP_KKD,F_1197,10
2025-12-16,STP_GVR,F_1233,10
2025-12-16,STP_KCH,F_1039,10
2025-12-17,STP_TVM,F_1164,10
2025-12-17,STP_TVM,F_1156,10
2025-12-17,STP_TVM,F_1088,10
2025-12-17,STP_KKD,F_1095,10
2025-12-17,STP_KKD,F_1197,10
2025-12-17,STP_KCH,F_1039,10
2025-12-17,STP_KCH,F_1208,10
2025-12-17,STP_GVR,F_1233,10
2025-12-18,STP_TVM,F_1069,10
2025-12-18,STP_TVM,F_1046,10
2025-12-18,STP_TVM,F_1070,10
2025-12-18,STP_KKD,F_1197,10
2025-12-18,STP_KKD,F_1206,10
2025-12-18,STP_GVR,F_1233,10
2025-12-18,STP_KCH,F_1086,10
2025-12-19,STP_TVM,F_1069,10
2025-12-19,STP_TVM,F_1046,10
2025-12-19,STP_TVM,F_1070,10
2025-12-19,STP_KKD,F_1197,10
2025-12-19,STP_KKD,F_1206,10
2025-12-19,STP_KCH,F_1086,10
2025-12-19,STP_KCH,F_1066,10
2025-12-19,STP_GVR,F_1233,10
2025-12-20,STP_TVM,F_1069,10
2025-12-20,STP_TVM,F_1046,10
2025-12-20,STP_TVM,F_1070,10
2025-12-20,STP_KKD,F_1197,10
2025-12-20,STP_KKD,F_1206,10
2025-12-20,STP_GVR,F_1233,10
2025-12-20,STP_KCH,F_1086,10
2025-12-21,STP_TVM,F_1069,10
2025-12-21,STP_TVM,F_1046,10
2025-12-21,STP_TVM,F_1070,10
2025-12-21,STP_KKD,F_1197,10
2025-12-21,STP_KKD,F_1206,10
2025-12-21,STP_KCH,F_1086,10
2025-12-21,STP_KCH,F_1066,10
2025-12-21,STP_GVR,F_1233,10
2025-12-22,STP_TVM,F_1069,10
2025-12-22,STP_TVM,F_1046,10
2025-12-22,STP_TVM,F_1070,10
2025-12-22,STP_KKD,F_1197,10
2025-12-22,STP_KKD,F_1206,10
2025-12-22,STP_GVR,F_1233,10
2025-12-22,STP_KCH,F_1086,10
2025-12-23,STP_TVM,F_1164,10
2025-12-23,STP_TVM,F_1156,10
2025-12-23,STP_TVM,F_1088,10
2025-12-23,STP_KKD,F_1095,10
2025-12-23,STP_KKD,F_1197,10
2025-12-23,STP_KCH,F_1039,10
2025-12-23,STP_KCH,F_1208,10
2025-12-23,STP_GVR,F_1233,10
2025-12-24,STP_TVM,F_1164,10
2025-12-24,STP_TVM,F_1156,10
2025-12-24,STP_TVM,F_1088,10
2025-12-24,STP_KKD,F_1095,10
2025-12-24,STP_KKD,F_1197,10
2025-12-24,STP_GVR,F_1233,10
2025-12-24,STP_KCH,F_1039,10
2025-12-25,STP_TVM,F_1069,10
2025-12-25,STP_TVM,F_1046,10
2025-12-25,STP_TVM,F_1070,10
2025-12-25,STP_KKD,F_1095,10
2025-12-25,STP_KKD,F_1197,10
2025-12-25,STP_KCH,F_1039,10
2025-12-25,STP_KCH,F_1086,10
2025-12-25,STP_GVR,F_1233,10
2025-12-26,STP_TVM,F_1069,10
2025-12-26,STP_TVM,F_1046,10
2025-12-26,STP_TVM,F_1070,10
2025-12-26,STP_KKD,F_1095,10
2025-12-26,STP_KKD,F_1197,10
2025-12-26,STP_GVR,F_1233,10
2025-12-26,STP_KCH,F_1039,10
2025-12-27,STP_TVM,F_1069,10
2025-12-27,STP_TVM,F_1046,10
2025-12-27,STP_TVM,F_1070,10
2025-12-27,STP_KKD,F_1095,10
2025-12-27,STP_KKD,F_1197,10
2025-12-27,STP_KCH,F_1039,10
2025-12-27,STP_KCH,F_1086,10
2025-12-27,STP_GVR,F_1233,10
2025-12-28,STP_TVM,F_1164,10
2025-12-28,STP_TVM,F_1156,10
2025-12-28,STP_TVM,F_1088,10
2025-12-28,STP_KKD,F_1095,10
2025-12-28,STP_KKD,F_1197,10
2025-12-28,STP_GVR,F_1233,10
2025-12-28,STP_KCH,F_1039,10
2025-12-29,STP_TVM,F_1164,10
2025-12-29,STP_TVM,F_1156,10
2025-12-29,STP_TVM,F_1088,10
2025-12-29,STP_KKD,F_1095,10
2025-12-29,STP_KKD,F_1197,10
2025-12-29,STP_KCH,F_1039,10
2025-12-29,STP_KCH,F_1208,10
2025-12-29,STP_GVR,F_1233,10
2025-12-30,STP_TVM,F_1164,10
2025-12-30,STP_TVM,F_1156,10
2025-12-30,STP_TVM,F_1088,10
2025-12-30,STP_KKD,F_1095,10
2025-12-30,STP_KKD,F_1197,10
2025-12-30,STP_GVR,F_1233,10
2025-12-30,STP_KCH,F_1039,10
2025-12-31,STP_TVM,F_1164,10
2025-12-31,STP_TVM,F_1156,10
2025-12-31,STP_TVM,F_1088,10
2025-12-31,STP_KKD,F_1095,10
2025-12-31,STP_KKD,F_1197,10
2025-12-31,STP_KCH,F_1039,10
2025-12-31,STP_KCH,F_1208,10
2025-12-31,STP_GVR,F_1233,10
